id;module_name;feature_name;page_path;component_path;edge_function;database_tables;status;issues;notes;priority;estimated_hours;completed_at;last_audited_at;created_at;updated_at
d2ed8dac-140b-46bc-89b3-2e8e54704f1c;auth;Sign Up;/auth;src/pages/Auth.tsx;;;complete;[];Supabase auth configured;1;;;2025-12-28 17:24:34.335075+00;2025-12-28 17:24:34.335075+00;2025-12-28 17:24:34.335075+00
d514dd22-da82-4dfb-b407-fb05f8300407;auth;Sign In;/auth;src/pages/Auth.tsx;;;complete;[];Supabase auth configured;1;;;2025-12-28 17:24:34.335075+00;2025-12-28 17:24:34.335075+00;2025-12-28 17:24:34.335075+00
132a026a-ab57-41e3-9876-c2f8de0e6911;auth;Password Reset;/auth;src/pages/Auth.tsx;;;partial;"[""Reset email flow needs testing""]";;2;;;2025-12-28 17:24:34.335075+00;2025-12-28 17:24:34.335075+00;2025-12-28 17:24:34.335075+00
c90d823f-f618-4c97-8d67-04cab219f2bc;auth;Profile Management;/profile;src/pages/Profile.tsx;;;partial;"[""Avatar upload incomplete"",""BD ID verification UI only""]";;2;;;2025-12-28 17:24:34.335075+00;2025-12-28 17:24:34.335075+00;2025-12-28 17:24:34.335075+00
99c4cb63-176f-4690-9052-17a48c16539d;auth;Access Requests;/admin;src/components/AccessRequest.tsx;;;complete;[];Full approval workflow;2;;;2025-12-28 17:24:34.335075+00;2025-12-28 17:24:34.335075+00;2025-12-28 17:24:34.335075+00
3eac1a4f-67bc-4a52-81bb-2cb9ae08d343;auth;Invite System;/team-invitations;src/pages/TeamInvitations.tsx;;;complete;[];;3;;;2025-12-28 17:24:34.335075+00;2025-12-28 17:24:34.335075+00;2025-12-28 17:24:34.335075+00
16aa21e8-06b7-40be-ae2a-1bae87228db4;crm;Contact List;/crm;src/pages/CRM.tsx;;;complete;[];Full CRUD with database;1;;;2025-12-28 17:24:34.335075+00;2025-12-28 17:24:34.335075+00;2025-12-28 17:24:34.335075+00
85b14b85-76a9-4a7a-8a31-9bc58085c963;crm;Contact Detail;/crm/contacts/:id;src/pages/CRMContactDetail.tsx;;;complete;[];;1;;;2025-12-28 17:24:34.335075+00;2025-12-28 17:24:34.335075+00;2025-12-28 17:24:34.335075+00
90f3d978-7721-4a40-a315-fa5d74c715df;crm;Company Management;/crm;src/components/CRMCompanyForm.tsx;;;complete;[];;1;;;2025-12-28 17:24:34.335075+00;2025-12-28 17:24:34.335075+00;2025-12-28 17:24:34.335075+00
02bfd532-8789-4bbd-9491-2fe687d30db1;crm;Deal Pipeline;/crm;src/pages/CRM.tsx;;;complete;[];;1;;;2025-12-28 17:24:34.335075+00;2025-12-28 17:24:34.335075+00;2025-12-28 17:24:34.335075+00
0e71d05b-354f-473c-9bc8-b0a5688e9948;crm;Contact Notes;;src/components/CRMContactNotes.tsx;;;complete;[];;2;;;2025-12-28 17:24:34.335075+00;2025-12-28 17:24:34.335075+00;2025-12-28 17:24:34.335075+00
fb09125d-039d-4086-9ecc-949700b01a1f;crm;Activity Tracking;;src/components/ActivityLogger.tsx;;;complete;[];;2;;;2025-12-28 17:24:34.335075+00;2025-12-28 17:24:34.335075+00;2025-12-28 17:24:34.335075+00
cd0d175c-d6e3-46f8-af86-3e693418757d;crm;Contact Import (CSV);;src/components/ContactImportModal.tsx;;;complete;[];;3;;;2025-12-28 17:24:34.335075+00;2025-12-28 17:24:34.335075+00;2025-12-28 17:24:34.335075+00
05e742e2-8991-49be-b1c1-bbb59c85c091;crm;Contact Import (PDF);;src/components/PDFContactImport.tsx;;;partial;"[""Edge function works but PDF parsing limited""]";;3;;;2025-12-28 17:24:34.335075+00;2025-12-28 17:24:34.335075+00;2025-12-28 17:24:34.335075+00
71aa5d40-788b-44fd-8669-e470ae13a7eb;crm;CRM Integrations;/crm/integrations;src/pages/CRMIntegrations.tsx;;;mock_only;"[""OAuth buttons present but no actual integration"",""No HubSpot/Salesforce sync""]";;4;;;2025-12-28 17:24:34.335075+00;2025-12-28 17:24:34.335075+00;2025-12-28 17:24:34.335075+00
c8e15dea-9e23-4219-bb72-e3791be1a9da;deal_rooms;Room Creation;/deal-rooms/new;src/pages/DealRoomNew.tsx;;;complete;[];;1;;;2025-12-28 17:24:34.335075+00;2025-12-28 17:24:34.335075+00;2025-12-28 17:24:34.335075+00
50af2772-aab2-47b2-93c8-4d7cdbed9451;deal_rooms;Room Overview;/deal-rooms/:id;src/components/dealroom/DealRoomOverview.tsx;;;complete;[];;1;;;2025-12-28 17:24:34.335075+00;2025-12-28 17:24:34.335075+00;2025-12-28 17:24:34.335075+00
d411ec7f-491e-4c97-aea0-ee1680962fc6;deal_rooms;Participants Management;;src/components/dealroom/DealRoomParticipants.tsx;;;complete;[];;2;;;2025-12-28 17:24:34.335075+00;2025-12-28 17:24:34.335075+00;2025-12-28 17:24:34.335075+00
a355bc47-c93c-476e-b0ee-83c717de45c8;deal_rooms;AI Analysis;;src/components/dealroom/DealRoomAIAnalysis.tsx;;;partial;"[""Uses Lovable API but results are basic""]";;2;;;2025-12-28 17:24:34.335075+00;2025-12-28 17:24:34.335075+00;2025-12-28 17:24:34.335075+00
030f0961-5c93-47be-9b91-dcb025bcca53;deal_rooms;Document Uploads;;src/components/DealDocumentUpload.tsx;;;partial;"[""Storage bucket exists but no file preview""]";;3;;;2025-12-28 17:24:34.335075+00;2025-12-28 17:24:34.335075+00;2025-12-28 17:24:34.335075+00
b20c9150-dc7e-461e-8ddd-cdebe637942c;deal_rooms;Deal Structures;;src/components/dealroom/DealRoomStructures.tsx;;;mock_only;"[""Static templates, no dynamic generation""]";;3;;;2025-12-28 17:24:34.335075+00;2025-12-28 17:24:34.335075+00;2025-12-28 17:24:34.335075+00
abe99908-dd2a-4b55-b458-71d03fd5f638;deal_rooms;Voting & Signatures;;src/components/dealroom/DealRoomContributions.tsx;;;mock_only;"[""UI exists but no signature capture""]";;4;;;2025-12-28 17:24:34.335075+00;2025-12-28 17:24:34.335075+00;2025-12-28 17:24:34.335075+00
a77bd709-703b-4a40-9ca3-fca0a3408ec1;calendar;Calendar View;/calendar;src/pages/Calendar.tsx;;;partial;"[""View only, no event creation""]";;2;;;2025-12-28 17:24:34.335075+00;2025-12-28 17:24:34.335075+00;2025-12-28 17:24:34.335075+00
2675c006-f696-402e-bef8-cd0c4d51ea0a;calendar;Meeting Creation;;src/components/CreateMeetingModal.tsx;;;partial;"[""Creates in DB but no calendar sync""]";;2;;;2025-12-28 17:24:34.335075+00;2025-12-28 17:24:34.335075+00;2025-12-28 17:24:34.335075+00
82e00e2b-e6be-4c09-95a6-23c1a505a3fe;calendar;Smart Scheduler;/smart-schedule;src/pages/SmartSchedule.tsx;;;mock_only;"[""AI generates schedule but not persisted"",""No timezone handling""]";;3;;;2025-12-28 17:24:34.335075+00;2025-12-28 17:24:34.335075+00;2025-12-28 17:24:34.335075+00
90a543a0-4e35-469a-a2d8-cb4caa8c4755;calendar;Scheduling Preferences;/scheduling-settings;src/pages/SchedulingSettings.tsx;;;partial;"[""Preferences save but not used by scheduler""]";;3;;;2025-12-28 17:24:34.335075+00;2025-12-28 17:24:34.335075+00;2025-12-28 17:24:34.335075+00
78e8bbe5-ef83-4883-b107-366b021986a8;tasks;Task List;/tasks;src/pages/Tasks.tsx;;;complete;[];;1;;;2025-12-28 17:24:34.335075+00;2025-12-28 17:24:34.335075+00;2025-12-28 17:24:34.335075+00
504780be-37ce-4143-ae7a-1e2c63e4a849;tasks;Task CRUD;/tasks;src/pages/Tasks.tsx;;;complete;[];;1;;;2025-12-28 17:24:34.335075+00;2025-12-28 17:24:34.335075+00;2025-12-28 17:24:34.335075+00
79dc4a3b-3b39-46f7-b022-55d5e3e02f14;tasks;Task Detail Modal;;src/components/TaskDetailModal.tsx;;;complete;[];;2;;;2025-12-28 17:24:34.335075+00;2025-12-28 17:24:34.335075+00;2025-12-28 17:24:34.335075+00
b3ffebff-d7f5-4005-a2a7-d8aa7bccecca;tasks;AI Task Planning;;src/components/apps/AITaskPlanner.tsx;;;partial;"[""AI categorization works"",""Generated tasks not auto-added""]";;3;;;2025-12-28 17:24:34.335075+00;2025-12-28 17:24:34.335075+00;2025-12-28 17:24:34.335075+00
4a93b1a0-384c-4be4-99e5-b36a8530c8cb;tasks;Print Tasks;;src/components/PrintTasksDialog.tsx;;;complete;[];;4;;;2025-12-28 17:24:34.335075+00;2025-12-28 17:24:34.335075+00;2025-12-28 17:24:34.335075+00
2c55940a-2078-4eb0-bc0f-ad0224260e7f;messaging;Messages List;/messages;src/pages/Messages.tsx;;;partial;"[""UI shows but real-time not verified""]";;2;;;2025-12-28 17:24:34.335075+00;2025-12-28 17:24:34.335075+00;2025-12-28 17:24:34.335075+00
84bdabb5-d3ab-4b06-95c8-b926ae2b0c60;messaging;Email Compose;;src/components/ComposeEmail.tsx;;;partial;"[""Uses Resend edge function"",""No email history tracking""]";;3;;;2025-12-28 17:24:34.335075+00;2025-12-28 17:24:34.335075+00;2025-12-28 17:24:34.335075+00
cf6cc442-1082-4364-be53-128d01adeb56;messaging;SMS Send;;src/components/SMSComposer.tsx;;;mock_only;"[""Edge function exists but no provider configured""]";;4;;;2025-12-28 17:24:34.335075+00;2025-12-28 17:24:34.335075+00;2025-12-28 17:24:34.335075+00
a7a428ee-a608-4635-93b0-a1776215d2ac;messaging;SMS Conversations;;src/components/SMSConversations.tsx;;;mock_only;"[""UI only, webhook not receiving""]";;4;;;2025-12-28 17:24:34.335075+00;2025-12-28 17:24:34.335075+00;2025-12-28 17:24:34.335075+00
fe7d3cb5-f62d-49e3-9b28-3f8ed7d655f5;messaging;VoIP Dialer;;src/components/VoIPDialer.tsx;;;mock_only;"[""UI only, no Twilio/Vonage integration""]";;5;;;2025-12-28 17:24:34.335075+00;2025-12-28 17:24:34.335075+00;2025-12-28 17:24:34.335075+00
0d2c0be5-0620-464b-993e-a7e006acf9ed;messaging;Call History;;src/components/CallHistory.tsx;;;mock_only;"[""Shows empty state""]";;5;;;2025-12-28 17:24:34.335075+00;2025-12-28 17:24:34.335075+00;2025-12-28 17:24:34.335075+00
c2e1b370-d89a-42b9-99b0-add56dc16ff5;ai;AI Assistant Chat;/dashboard;src/components/AIAssistant.tsx;;;complete;[];Uses Lovable API;1;;;2025-12-28 17:24:34.335075+00;2025-12-28 17:24:34.335075+00;2025-12-28 17:24:34.335075+00
d373ebfc-fff4-45c8-8d57-13754945316f;ai;AI Receptionist;;src/components/AIReceptionist.tsx;;;partial;"[""Config saves but no phone integration""]";;3;;;2025-12-28 17:24:34.335075+00;2025-12-28 17:24:34.335075+00;2025-12-28 17:24:34.335075+00
862e9faa-1ced-4aa7-a161-91008b6bd374;ai;AI Intelligence Center;/ai-intelligence;src/pages/AIIntelligence.tsx;;;complete;[];;2;;;2025-12-28 17:24:34.335075+00;2025-12-28 17:24:34.335075+00;2025-12-28 17:24:34.335075+00
9103be72-95c3-407c-95e7-b43e53a1eb35;ai;Proactive Notifications;;src/components/ai/AINotificationsPanel.tsx;;;complete;[];;2;;;2025-12-28 17:24:34.335075+00;2025-12-28 17:24:34.335075+00;2025-12-28 17:24:34.335075+00
e7457bae-ec9b-4bb1-a876-eb07e75df6c6;ai;Message Feedback;;src/components/ai/AIMessageFeedback.tsx;;;complete;[];;3;;;2025-12-28 17:24:34.335075+00;2025-12-28 17:24:34.335075+00;2025-12-28 17:24:34.335075+00
a642d253-39f9-4162-83ac-1e3dbedc07bb;ai;Recommendations Engine;;src/components/RecommendationsPanel.tsx;;;partial;"[""Generates but not personalized""]";;3;;;2025-12-28 17:24:34.335075+00;2025-12-28 17:24:34.335075+00;2025-12-28 17:24:34.335075+00
1eb9c275-33b6-40e6-9031-5fd9ad6a1360;billing;Bill Upload;;src/components/billing/BillUploadDialog.tsx;;;complete;[];;2;;;2025-12-28 17:24:34.335075+00;2025-12-28 17:24:34.335075+00;2025-12-28 17:24:34.335075+00
153c71cf-7d3b-4657-ae82-f8e4a8314372;billing;Bill Analysis;;src/components/billing/BillAnalysisPanel.tsx;;;complete;[];AI-powered;2;;;2025-12-28 17:24:34.335075+00;2025-12-28 17:24:34.335075+00;2025-12-28 17:24:34.335075+00
e09913b3-1313-4f48-b564-0dbe1ff68780;billing;Model Usage Stats;;src/components/billing/ModelUsageStats.tsx;;;partial;"[""Shows data but not linked to real usage""]";;3;;;2025-12-28 17:24:34.335075+00;2025-12-28 17:24:34.335075+00;2025-12-28 17:24:34.335075+00
7a63d483-3941-4f08-a059-8c3c70dd989d;billing;Stripe Checkout;/ai-gift-cards;supabase/functions/create-checkout;;;complete;[];;1;;;2025-12-28 17:24:34.335075+00;2025-12-28 17:24:34.335075+00;2025-12-28 17:24:34.335075+00
2b092947-ad76-4b91-a136-1fc283570314;billing;Subscription Management;/admin;src/pages/AdminPanel.tsx;;;mock_only;"[""No Stripe customer portal link""]";;3;;;2025-12-28 17:24:34.335075+00;2025-12-28 17:24:34.335075+00;2025-12-28 17:24:34.335075+00
9f339070-ea82-4408-8c65-000c6191ee65;gift_cards;Product Catalog;/ai-gift-cards;src/pages/AIGiftCards.tsx;;;complete;[];;1;;;2025-12-28 17:24:34.335075+00;2025-12-28 17:24:34.335075+00;2025-12-28 17:24:34.335075+00
dddec1fc-09f4-498e-9cae-c5879895eaf6;gift_cards;Checkout Flow;/ai-gift-cards;src/pages/AIGiftCards.tsx;;;complete;[];;1;;;2025-12-28 17:24:34.335075+00;2025-12-28 17:24:34.335075+00;2025-12-28 17:24:34.335075+00
a4d86c6c-af4a-4186-b071-6734743882c2;gift_cards;Claim Flow;/claim;src/pages/ClaimGiftCard.tsx;;;complete;[];;1;;;2025-12-28 17:24:34.335075+00;2025-12-28 17:24:34.335075+00;2025-12-28 17:24:34.335075+00
3e68d76b-ddde-4040-8ac9-bc48d23b81a7;gift_cards;Redemption;/redeem/:code;src/pages/RedeemCard.tsx;;;complete;[];;1;;;2025-12-28 17:24:34.335075+00;2025-12-28 17:24:34.335075+00;2025-12-28 17:24:34.335075+00
ade0bc77-7f63-4ff7-8e5f-e545d24e5854;gift_cards;Card Verification;;src/components/CardVerification.tsx;;;complete;[];;2;;;2025-12-28 17:24:34.335075+00;2025-12-28 17:24:34.335075+00;2025-12-28 17:24:34.335075+00
64b4531c-455a-41be-a96f-bf9d0eb93a72;gift_cards;Provider Portal;/provider-dashboard;src/pages/ProviderDashboard.tsx;;;partial;"[""Dashboard works but no payout integration""]";;3;;;2025-12-28 17:24:34.335075+00;2025-12-28 17:24:34.335075+00;2025-12-28 17:24:34.335075+00
f3b892ee-b545-4555-8df7-4e5551df9b92;gift_cards;Admin Pricing;/admin/gift-cards-pricing;src/pages/AdminGiftCardsPricing.tsx;;;complete;[];;2;;;2025-12-28 17:24:34.335075+00;2025-12-28 17:24:34.335075+00;2025-12-28 17:24:34.335075+00
86e5ca31-d558-47b3-bc49-2da6a8f2578e;business_cards;Card Creator;/business-cards;src/components/BusinessCardCreator.tsx;;;complete;[];;2;;;2025-12-28 17:24:34.335075+00;2025-12-28 17:24:34.335075+00;2025-12-28 17:24:34.335075+00
565054a2-ab8f-48f0-9859-8e322eb26282;business_cards;Card Display/Share;;src/components/BusinessCardDisplay.tsx;;;complete;[];;2;;;2025-12-28 17:24:34.335075+00;2025-12-28 17:24:34.335075+00;2025-12-28 17:24:34.335075+00
8c44ff3a-2312-40d8-b5b9-72d77b53ba46;business_cards;Card Trading;;src/components/CardTradingModal.tsx;;;partial;"[""Trade request works but no notification""]";;4;;;2025-12-28 17:24:34.335075+00;2025-12-28 17:24:34.335075+00;2025-12-28 17:24:34.335075+00
42be72f4-071f-4c48-a7f9-d513d7bffe2f;business_cards;NFT Minting;;src/components/NFTMintingModal.tsx;;;mock_only;"[""UI only, no blockchain integration""]";;5;;;2025-12-28 17:24:34.335075+00;2025-12-28 17:24:34.335075+00;2025-12-28 17:24:34.335075+00
3cc9ebb5-151c-44d1-97d7-503466326003;driveby;Lead Capture;/driveby-intelligence;src/components/driveby/DriveByCapture.tsx;;;complete;[];;2;;;2025-12-28 17:24:34.335075+00;2025-12-28 17:24:34.335075+00;2025-12-28 17:24:34.335075+00
44329599-a320-40a1-92b1-dbdbe4078aef;driveby;Leads List;/driveby-intelligence;src/components/driveby/DriveByLeads.tsx;;;complete;[];;2;;;2025-12-28 17:24:34.335075+00;2025-12-28 17:24:34.335075+00;2025-12-28 17:24:34.335075+00
b394c775-913d-40b7-befa-e8422aabb12c;driveby;Company Selector;;src/components/driveby/CompanySelector.tsx;;;complete;[];;2;;;2025-12-28 17:24:34.335075+00;2025-12-28 17:24:34.335075+00;2025-12-28 17:24:34.335075+00
61185a2c-4e11-4d70-a5e8-dd3ed4f31a1a;driveby;Lead Conversion;;supabase/functions/driveby-convert;;;complete;[];;2;;;2025-12-28 17:24:34.335075+00;2025-12-28 17:24:34.335075+00;2025-12-28 17:24:34.335075+00
ece42bba-eac3-4412-a601-c73700b9f2f9;driveby;Automated Outreach;;supabase/functions/driveby-outreach;;;mock_only;"[""Edge function exists but email not sent""]";;4;;;2025-12-28 17:24:34.335075+00;2025-12-28 17:24:34.335075+00;2025-12-28 17:24:34.335075+00
73e5985f-148b-4d18-bee8-ad48e76b000d;driveby;Work Items Queue;;src/components/driveby/DriveByWorkItems.tsx;;;partial;"[""CRUD works but no assignment logic""]";;3;;;2025-12-28 17:24:34.335075+00;2025-12-28 17:24:34.335075+00;2025-12-28 17:24:34.335075+00
d9a30536-9712-4561-b73a-6d7fbd057dd6;grid;Grid Dashboard;/the-grid;src/pages/TheGrid.tsx;;;mock_only;"[""Static demo data"",""No real-time grid data""]";;5;;;2025-12-28 17:24:34.335075+00;2025-12-28 17:24:34.335075+00;2025-12-28 17:24:34.335075+00
0a679758-60d1-4579-999c-f8fe55677705;grid;Grid Analytics;/grid-analytics;src/pages/GridAnalytics.tsx;;;mock_only;"[""Hardcoded sample data arrays""]";;5;;;2025-12-28 17:24:34.335075+00;2025-12-28 17:24:34.335075+00;2025-12-28 17:24:34.335075+00
be5cfdef-3953-4289-8c69-a61e01987629;grid;SCADA Interface;/grid-scada;src/pages/GridSCADA.tsx;;;mock_only;"[""UI mockup only""]";;5;;;2025-12-28 17:24:34.335075+00;2025-12-28 17:24:34.335075+00;2025-12-28 17:24:34.335075+00
7b26e5c2-898f-4ff8-84cc-a4479d26741d;grid;Storage Management;/grid-storage;src/pages/GridStorage.tsx;;;mock_only;"[""No battery data integration""]";;5;;;2025-12-28 17:24:34.335075+00;2025-12-28 17:24:34.335075+00;2025-12-28 17:24:34.335075+00
90f0690b-1e79-4c6e-a373-11baa027d18c;grid;Demand Response;/grid-demand-response;src/pages/GridDemandResponse.tsx;;;mock_only;"[""Static programs list""]";;5;;;2025-12-28 17:24:34.335075+00;2025-12-28 17:24:34.335075+00;2025-12-28 17:24:34.335075+00
8b85caed-bda7-4131-bde9-32945175e014;workflows;Workflow Builder;/workflows;src/components/workflows/WorkflowBuilder.tsx;;;partial;"[""Can create but execution limited""]";;3;;;2025-12-28 17:24:34.335075+00;2025-12-28 17:24:34.335075+00;2025-12-28 17:24:34.335075+00
8faa9f11-7d3d-4599-a4e1-5cf45aba25ce;workflows;Template Gallery;;src/components/workflows/TemplateGallery.tsx;;;partial;"[""Templates load but not installable""]";;3;;;2025-12-28 17:24:34.335075+00;2025-12-28 17:24:34.335075+00;2025-12-28 17:24:34.335075+00
18e32592-a345-4739-bb95-5056fb00eecb;workflows;AI Workflow Generator;;src/components/workflows/AIWorkflowGenerator.tsx;;;partial;"[""Generates but does not save""]";;3;;;2025-12-28 17:24:34.335075+00;2025-12-28 17:24:34.335075+00;2025-12-28 17:24:34.335075+00
7a1f7a05-5a27-4801-8c54-b37669262111;workflows;Workflow Execution;;supabase/functions/execute-workflow;;;partial;"[""Basic steps work, no complex logic""]";;4;;;2025-12-28 17:24:34.335075+00;2025-12-28 17:24:34.335075+00;2025-12-28 17:24:34.335075+00
8e3db429-0d30-4aca-8ff7-cbc443e1b13a;workflows;Lindy Integration;;src/components/LindyIntegration.tsx;;;mock_only;"[""API key field but no real integration""]";;5;;;2025-12-28 17:24:34.335075+00;2025-12-28 17:24:34.335075+00;2025-12-28 17:24:34.335075+00
3ac19f9a-634b-454b-aebe-84532a9e86b8;ip_launch;Patent Start;/ip-launch/patent;src/pages/IPLaunchPatentStart.tsx;;;partial;"[""Form works, AI search partial""]";;3;;;2025-12-28 17:24:34.335075+00;2025-12-28 17:24:34.335075+00;2025-12-28 17:24:34.335075+00
d147c2be-48e5-4783-b68d-507f4e003338;ip_launch;Trademark Start;/ip-launch/trademark;src/pages/IPLaunchTrademarkStart.tsx;;;partial;"[""Form works, AI search partial""]";;3;;;2025-12-28 17:24:34.335075+00;2025-12-28 17:24:34.335075+00;2025-12-28 17:24:34.335075+00
7b25f0f5-c1e1-47d0-bcb6-1e1e855b1fbf;ip_launch;Document Vault;/ip-launch/vault;src/pages/IPLaunchVault.tsx;;;complete;[];;3;;;2025-12-28 17:24:34.335075+00;2025-12-28 17:24:34.335075+00;2025-12-28 17:24:34.335075+00
2a3215c3-3cc7-48a6-a0e4-111ad46777ae;ip_launch;Application Tracking;/ip-launch/applications;src/pages/MyApplications.tsx;;;partial;"[""List works but status updates manual""]";;3;;;2025-12-28 17:24:34.335075+00;2025-12-28 17:24:34.335075+00;2025-12-28 17:24:34.335075+00
6049822e-d6ff-4e6a-9f0d-ebf98dbb6c67;ip_launch;Checkout;;supabase/functions/iplaunch-create-checkout;;;complete;[];;2;;;2025-12-28 17:24:34.335075+00;2025-12-28 17:24:34.335075+00;2025-12-28 17:24:34.335075+00
fe6749cd-7c52-4f69-929b-871359b85a04;franchises;Franchise Catalog;/franchises;src/pages/Franchises.tsx;;;complete;[];;3;;;2025-12-28 17:24:34.335075+00;2025-12-28 17:24:34.335075+00;2025-12-28 17:24:34.335075+00
1f56c6b2-3ac8-4848-a29d-f93e6b531ae5;franchises;Franchise Detail;;src/components/FranchiseDetailsModal.tsx;;;complete;[];;3;;;2025-12-28 17:24:34.335075+00;2025-12-28 17:24:34.335075+00;2025-12-28 17:24:34.335075+00
74ddba78-955e-4e5a-9932-6b3faead30f4;franchises;Application Form;;src/components/FranchiseApplicationModal.tsx;;;complete;[];;3;;;2025-12-28 17:24:34.335075+00;2025-12-28 17:24:34.335075+00;2025-12-28 17:24:34.335075+00
6cdec191-461c-4060-b4cf-f4cdd020e4a9;franchises;Data Generator;;src/components/FranchiseDataGenerator.tsx;;;complete;[];AI-powered seeding;4;;;2025-12-28 17:24:34.335075+00;2025-12-28 17:24:34.335075+00;2025-12-28 17:24:34.335075+00
408ec9d2-0bf1-4532-ac4e-19abe5ae8b44;franchises;Reviews System;;src/components/FranchiseReviews.tsx;;;complete;[];;4;;;2025-12-28 17:24:34.335075+00;2025-12-28 17:24:34.335075+00;2025-12-28 17:24:34.335075+00
34a7ea9a-94d2-4bb3-a79a-1ea71601e386;erp;ERP Dashboard;/erp-dashboard;src/pages/ERPDashboard.tsx;;;mock_only;"[""Console.log handlers"",""Static network data""]";;4;;;2025-12-28 17:24:34.335075+00;2025-12-28 17:24:34.335075+00;2025-12-28 17:24:34.335075+00
bd2df59b-9c03-4aaa-854f-21b264f62e4e;erp;ERP Generator;/erp-generator;src/pages/ERPGenerator.tsx;;;partial;"[""Generates but doesn't persist""]";;4;;;2025-12-28 17:24:34.335075+00;2025-12-28 17:24:34.335075+00;2025-12-28 17:24:34.335075+00
28beca77-4ecc-4196-bcc5-21640f4ba9a1;erp;Document Router;;src/components/erp/SmartDocumentRouter.tsx;;;partial;"[""Classification works, routing partial""]";;4;;;2025-12-28 17:24:34.335075+00;2025-12-28 17:24:34.335075+00;2025-12-28 17:24:34.335075+00
234a6a67-9c97-4035-a260-c6d55191055b;erp;Evolution Log;;src/components/erp/ERPEvolutionLog.tsx;;;partial;"[""Shows history but no real evolution""]";;5;;;2025-12-28 17:24:34.335075+00;2025-12-28 17:24:34.335075+00;2025-12-28 17:24:34.335075+00
f3013d7e-39a8-47a3-ad13-6050c82575f0;xbuilderx;Dashboard;/xbuilderx-dashboard;src/pages/XBuilderxDashboard.tsx;;;mock_only;"[""Hardcoded regional data""]";;4;;;2025-12-28 17:24:34.335075+00;2025-12-28 17:24:34.335075+00;2025-12-28 17:24:34.335075+00
12ffe8d6-4451-4f34-b7c2-6afa714aefae;xbuilderx;Estimating;/xbuilderx-estimating;src/pages/XBuilderxEstimating.tsx;;;partial;"[""Form works, AI estimate calls API""]";;4;;;2025-12-28 17:24:34.335075+00;2025-12-28 17:24:34.335075+00;2025-12-28 17:24:34.335075+00
00282668-5b26-4412-ab48-847756593d6e;xbuilderx;Plan Upload;;src/components/xbuilderx/PlanUploadSection.tsx;;;partial;"[""Upload works, extraction limited""]";;4;;;2025-12-28 17:24:34.335075+00;2025-12-28 17:24:34.335075+00;2025-12-28 17:24:34.335075+00
dea73328-f054-485c-9246-b34d1d6c76fa;xbuilderx;New Bid Wizard;;src/components/xbuilderx/NewBidWizard.tsx;;;partial;"[""Steps work but not saved""]";;4;;;2025-12-28 17:24:34.335075+00;2025-12-28 17:24:34.335075+00;2025-12-28 17:24:34.335075+00
cdc93c67-4f46-4c96-91f0-4d76837cbfef;xbuilderx;Pipeline;/xbuilderx-pipeline;src/pages/XBuilderxPipeline.tsx;;;partial;"[""CRUD works""]";;3;;;2025-12-28 17:24:34.335075+00;2025-12-28 17:24:34.335075+00;2025-12-28 17:24:34.335075+00
39b3a74d-e505-481a-a4ad-0d6f4a288256;xodiak;Asset Dashboard;/xodiak-dashboard;src/pages/XodiakDashboard.tsx;;;partial;"[""Shows data from DB""]";;4;;;2025-12-28 17:24:34.335075+00;2025-12-28 17:24:34.335075+00;2025-12-28 17:24:34.335075+00
31e79581-e3af-4ded-a28a-47f4bc2cda13;xodiak;Asset Registration;;src/components/xodiak/AssetRegistrationForm.tsx;;;complete;[];;4;;;2025-12-28 17:24:34.335075+00;2025-12-28 17:24:34.335075+00;2025-12-28 17:24:34.335075+00
6f1f18ac-7547-49dd-98f0-524dc32c820f;xodiak;Asset Detail;;src/components/xodiak/AssetDetailPanel.tsx;;;complete;[];;4;;;2025-12-28 17:24:34.335075+00;2025-12-28 17:24:34.335075+00;2025-12-28 17:24:34.335075+00
65d1c9bf-c8c5-440c-83a5-63822cc6936e;xodiak;Compliance Tracking;/xodiak-compliance;src/pages/XodiakCompliance.tsx;;;partial;"[""List works, alerts mock""]";;5;;;2025-12-28 17:24:34.335075+00;2025-12-28 17:24:34.335075+00;2025-12-28 17:24:34.335075+00
18a32fd2-b41e-4445-90d8-e9f0f9869485;marketplace;Listings;/marketplace/listings;src/pages/MarketplaceListings.tsx;;;complete;[];;3;;;2025-12-28 17:24:34.335075+00;2025-12-28 17:24:34.335075+00;2025-12-28 17:24:34.335075+00
d200a3c9-1f64-4358-a068-8e6e26514d53;marketplace;Create Listing;/marketplace/create-listing;src/pages/MarketplaceCreateListing.tsx;;;complete;[];;3;;;2025-12-28 17:24:34.335075+00;2025-12-28 17:24:34.335075+00;2025-12-28 17:24:34.335075+00
3b4f0e8e-a6ff-40a1-8bac-d6568fd29d98;marketplace;Marketers;/marketplace/marketers;src/pages/MarketplaceMarketers.tsx;;;complete;[];;3;;;2025-12-28 17:24:34.335075+00;2025-12-28 17:24:34.335075+00;2025-12-28 17:24:34.335075+00
50a59bc4-805b-4138-96f7-629eee34935a;marketplace;Connection Requests;;src/pages/MarketplaceConnectionDetail.tsx;;;partial;"[""Request works, no notification""]";;4;;;2025-12-28 17:24:34.335075+00;2025-12-28 17:24:34.335075+00;2025-12-28 17:24:34.335075+00
ca0051c4-c379-49a2-a871-65dd56444457;trueodds;Explore;/true-odds/explore;src/pages/TrueOddsExplore.tsx;;;mock_only;"[""Static game data""]";;5;;;2025-12-28 17:24:34.335075+00;2025-12-28 17:24:34.335075+00;2025-12-28 17:24:34.335075+00
94882161-7188-4492-bcd7-250f320b8aad;trueodds;My Picks;/true-odds/picks;src/pages/TrueOddsMyPicks.tsx;;;partial;"[""CRUD works but no odds API""]";;5;;;2025-12-28 17:24:34.335075+00;2025-12-28 17:24:34.335075+00;2025-12-28 17:24:34.335075+00
587d77b4-5e1b-4d42-b99d-838f5bbc4324;trueodds;Player Research;/true-odds/players;src/pages/TrueOddsPlayerResearch.tsx;;;mock_only;"[""No real player stats API""]";;5;;;2025-12-28 17:24:34.335075+00;2025-12-28 17:24:34.335075+00;2025-12-28 17:24:34.335075+00
c3994c97-4260-432f-a42c-ac181788d977;trueodds;Parlay Builder;;src/components/ParlayDrawer.tsx;;;partial;"[""UI works but calculations mock""]";;5;;;2025-12-28 17:24:34.335075+00;2025-12-28 17:24:34.335075+00;2025-12-28 17:24:34.335075+00
9380ec82-f52c-49cf-a673-82a02e36860f;broadcast;Feed;/broadcast;src/components/broadcast/BroadcastFeed.tsx;;;complete;[];;3;;;2025-12-28 17:24:34.335075+00;2025-12-28 17:24:34.335075+00;2025-12-28 17:24:34.335075+00
46d3381b-622a-4f32-99df-1bb5647ec043;broadcast;Player;;src/components/broadcast/BroadcastPlayer.tsx;;;partial;"[""Audio player works, no streaming""]";;4;;;2025-12-28 17:24:34.335075+00;2025-12-28 17:24:34.335075+00;2025-12-28 17:24:34.335075+00
fca8909b-1813-4ce6-b338-1b4a2a327bec;broadcast;Achievement Cards;;src/components/broadcast/AchievementCard.tsx;;;complete;[];;3;;;2025-12-28 17:24:34.335075+00;2025-12-28 17:24:34.335075+00;2025-12-28 17:24:34.335075+00
bf31002b-38e0-4c81-8786-842fbdba8054;broadcast;Q&A;;src/components/broadcast/BroadcastQA.tsx;;;partial;"[""Submit works, AI response limited""]";;4;;;2025-12-28 17:24:34.335075+00;2025-12-28 17:24:34.335075+00;2025-12-28 17:24:34.335075+00
eb9ecb5f-8c82-4a2b-a620-55125a05aa06;social;Platform Connect;/social;src/components/social/ConnectAccountDialog.tsx;;;mock_only;"[""No real OAuth for social platforms""]";;5;;;2025-12-28 17:24:34.335075+00;2025-12-28 17:24:34.335075+00;2025-12-28 17:24:34.335075+00
29add679-b895-4caa-a531-08de37ff83cf;social;Post Scheduler;;src/components/social/PostScheduler.tsx;;;mock_only;"[""Schedules but does not post""]";;5;;;2025-12-28 17:24:34.335075+00;2025-12-28 17:24:34.335075+00;2025-12-28 17:24:34.335075+00
f62034ff-3ef7-413d-8d82-e1d42c4d266d;social;Analytics;;src/components/social/SocialAnalytics.tsx;;;mock_only;"[""Static chart data""]";;5;;;2025-12-28 17:24:34.335075+00;2025-12-28 17:24:34.335075+00;2025-12-28 17:24:34.335075+00
096d0089-cc21-41de-8911-984c5b163391;fleet;Dashboard;/fleet-intelligence;src/pages/FleetIntelligence.tsx;;;partial;"[""Basic CRUD works""]";;4;;;2025-12-28 17:24:34.335075+00;2025-12-28 17:24:34.335075+00;2025-12-28 17:24:34.335075+00
807671b2-e426-44e0-8dde-94bc09c719b2;fleet;Work Orders;;src/components/fleet/FleetWorkOrdersPanel.tsx;;;partial;"[""CRUD works, assignment partial""]";;4;;;2025-12-28 17:24:34.335075+00;2025-12-28 17:24:34.335075+00;2025-12-28 17:24:34.335075+00
c01b73a5-b143-4877-9af1-05cf02f64283;fleet;Data Intake;;src/components/fleet/FleetDataIntakePanel.tsx;;;partial;"[""Form works, processing limited""]";;4;;;2025-12-28 17:24:34.335075+00;2025-12-28 17:24:34.335075+00;2025-12-28 17:24:34.335075+00
f33e7054-b4aa-480c-9180-8cac10c42c77;fleet;Partners;;src/components/fleet/FleetPartnersPanel.tsx;;;complete;[];;4;;;2025-12-28 17:24:34.335075+00;2025-12-28 17:24:34.335075+00;2025-12-28 17:24:34.335075+00
e49a2517-9163-44e2-84e4-c9d2b07582a0;directory;Business Directory;/directory;src/pages/Directory.tsx;;;complete;[];;3;;;2025-12-28 17:24:34.335075+00;2025-12-28 17:24:34.335075+00;2025-12-28 17:24:34.335075+00
a7c59967-04d6-4ac3-818d-4e1e4f7e98c8;directory;Business Discovery;;supabase/functions/system-discover;;;partial;"[""AI enrichment partial""]";;4;;;2025-12-28 17:24:34.335075+00;2025-12-28 17:24:34.335075+00;2025-12-28 17:24:34.335075+00
ba078251-1f1b-40ea-8855-77cb56633f68;tools;Tools Catalog;/tools;src/pages/Tools.tsx;;;complete;[];Large catalog page;2;;;2025-12-28 17:24:34.335075+00;2025-12-28 17:24:34.335075+00;2025-12-28 17:24:34.335075+00
1d8f13d4-483b-4e41-90aa-8213498fd3f3;tools;Tool Installation;/tools;src/pages/Tools.tsx;;;mock_only;"[""Install button but no real activation""]";;4;;;2025-12-28 17:24:34.335075+00;2025-12-28 17:24:34.335075+00;2025-12-28 17:24:34.335075+00
2f1800bd-17e8-405d-8a14-604cc2efa165;app_store;App Catalog;/app-store;src/pages/AppStore.tsx;;;complete;[];;3;;;2025-12-28 17:24:34.335075+00;2025-12-28 17:24:34.335075+00;2025-12-28 17:24:34.335075+00
9649d24d-de14-4a16-911c-d1ea133a80e4;app_store;App Licensing;;src/pages/AppStore.tsx;;;partial;"[""License purchase works but validation weak""]";;4;;;2025-12-28 17:24:34.335075+00;2025-12-28 17:24:34.335075+00;2025-12-28 17:24:34.335075+00
2ff32092-2424-48cc-9dce-1cf40630d2fd;app_store;My Apps;/my-apps;src/pages/MyApps.tsx;;;partial;"[""Shows licenses but no app launch""]";;4;;;2025-12-28 17:24:34.335075+00;2025-12-28 17:24:34.335075+00;2025-12-28 17:24:34.335075+00
bcd138ee-da3f-4b23-9cbb-29344c8928d1;admin;Admin Panel;/admin;src/pages/AdminPanel.tsx;;;complete;[];;1;;;2025-12-28 17:24:34.335075+00;2025-12-28 17:24:34.335075+00;2025-12-28 17:24:34.335075+00
9dd4dba2-1a66-4b06-a52d-adf8e7210ba5;admin;User Management;/user-management;src/pages/UserManagement.tsx;;;complete;[];;1;;;2025-12-28 17:24:34.335075+00;2025-12-28 17:24:34.335075+00;2025-12-28 17:24:34.335075+00
fe35da58-2140-43cf-a292-decaa88ec63d;admin;Permission Manager;;src/components/PermissionManager.tsx;;;complete;[];;2;;;2025-12-28 17:24:34.335075+00;2025-12-28 17:24:34.335075+00;2025-12-28 17:24:34.335075+00
8348583d-e641-47ae-8cef-0ed08232a734;admin;MCP Admin;/mcp-admin;src/pages/MCPAdmin.tsx;;;mock_only;"[""UI only, no MCP integration""]";;5;;;2025-12-28 17:24:34.335075+00;2025-12-28 17:24:34.335075+00;2025-12-28 17:24:34.335075+00