id;hubspot_deal_id;deal_name;deal_stage;deal_stage_id;amount;close_date;pipeline;pipeline_id;asset_type;pms;ils;web_developer;property_address;owner_id;associated_contact_ids;associated_company_ids;deal_room_id;raw_properties;created_at;updated_at;synced_at
0f1a9a88-27ab-4f3f-9879-86a5709f6eeb;257890700992;255 Assay - Willow Bridge;closedwon;closedwon;3060;2026-01-21 01:17:19.133+00;default;default;Multi-Family;;;;;208891049;[46425517427];[17707041189];;"{""amount"":""3060"",""asset_type"":""Multi-Family"",""closedate"":""2026-01-21T01:17:19.133Z"",""createdate"":""2026-01-09T18:47:20.221Z"",""dealname"":""255 Assay - Willow Bridge"",""dealstage"":""closedwon"",""hs_lastmodifieddate"":""2026-01-21T01:17:19.617Z"",""hs_object_id"":""257890700992"",""hubspot_owner_id"":""208891049"",""ils"":null,""pipeline"":""default"",""pms"":null,""web_developer"":null}";2026-01-21 01:17:22.652836+00;2026-01-21 01:17:22.652836+00;2026-01-21 01:17:22.203+00
14c78406-08bc-459d-9001-8c50bc1781d9;269707156207;Millwright_Pegasus Residential - (Add-on);closedwon;closedwon;1330;2026-01-21 05:24:38.122+00;default;default;Multi-Family;;;;;519537074;[];[];;"{""amount"":""1330"",""asset_type"":""Multi-Family"",""closedate"":""2026-01-21T05:24:38.122Z"",""createdate"":""2026-01-21T05:25:01.945Z"",""dealname"":""Millwright_Pegasus Residential - (Add-on)"",""dealstage"":""closedwon"",""hs_lastmodifieddate"":""2026-01-21T05:25:13.554Z"",""hs_object_id"":""269707156207"",""hubspot_owner_id"":""519537074"",""ils"":null,""pipeline"":""default"",""pms"":null,""web_developer"":null}";2026-01-21 05:25:16.344775+00;2026-01-21 05:25:17.914001+00;2026-01-21 05:25:17.784+00
f8b2cabc-bd81-4a86-9aef-f27ad612a86f;269389114077;Blacksburg Lease-Up;decisionmakerboughtin;decisionmakerboughtin;25000;2026-02-28 16:59:51.302+00;default;default;;;;;;49551500;[2708501];[3091104898];;"{""amount"":""25000"",""asset_type"":null,""closedate"":""2026-02-28T16:59:51.302Z"",""createdate"":""2026-01-21T16:49:08.788Z"",""dealname"":""Blacksburg Lease-Up"",""dealstage"":""decisionmakerboughtin"",""hs_lastmodifieddate"":""2026-02-12T17:08:06.894Z"",""hs_object_id"":""269389114077"",""hubspot_owner_id"":""49551500"",""ils"":null,""pipeline"":""default"",""pms"":null,""web_developer"":null}";2026-01-21 16:49:10.621531+00;2026-02-12 17:08:08.784835+00;2026-02-12 17:08:08.64+00
03ebf66a-5f60-496e-8697-0ab76c5081d1;262218199794;Quail Ridge - Additional Floor Plans - Atlantic;closedwon;closedwon;950;2026-01-21 16:23:11.75+00;default;default;Multi-Family;;;;;206619228;[2832601];[17692592756];;"{""amount"":""950"",""asset_type"":""Multi-Family"",""closedate"":""2026-01-21T16:23:11.750Z"",""createdate"":""2026-01-14T18:39:28.404Z"",""dealname"":""Quail Ridge - Additional Floor Plans - Atlantic"",""dealstage"":""closedwon"",""hs_lastmodifieddate"":""2026-01-21T16:23:12.361Z"",""hs_object_id"":""262218199794"",""hubspot_owner_id"":""206619228"",""ils"":null,""pipeline"":""default"",""pms"":null,""web_developer"":null}";2026-01-21 16:23:15.276619+00;2026-01-21 16:23:15.276619+00;2026-01-21 16:23:14.628+00
158b32ec-6504-4c7b-aee2-1479d1d5a80d;269389099755;Athens Engrain_Northwood Ravin;closedwon;closedwon;781;2026-02-13 15:37:52.309+00;default;default;Multi-Family;;;;;104662787;[];[4775807778];;"{""amount"":""781"",""asset_type"":""Multi-Family"",""closedate"":""2026-02-13T15:37:52.309Z"",""createdate"":""2026-01-21T13:12:28.748Z"",""dealname"":""Athens Engrain_Northwood Ravin"",""dealstage"":""closedwon"",""hs_lastmodifieddate"":""2026-02-13T15:37:52.675Z"",""hs_object_id"":""269389099755"",""hubspot_owner_id"":""104662787"",""ils"":null,""pipeline"":""default"",""pms"":null,""web_developer"":null}";2026-01-21 13:12:31.499056+00;2026-02-13 15:37:54.700874+00;2026-02-13 15:37:54.227+00
7a5cfe5b-7fee-4dde-9b1a-3b8f28391216;40009390436;Halo (Seenic)_Northwood Ravin;closedwon;closedwon;46440;2026-01-21 16:58:42.478+00;default;default;Multi-Family;;;;;104662787;[];[18111323512];;"{""amount"":""46440"",""asset_type"":""Multi-Family"",""closedate"":""2026-01-21T16:58:42.478Z"",""createdate"":""2025-07-11T15:45:47.888Z"",""dealname"":""Halo (Seenic)_Northwood Ravin"",""dealstage"":""closedwon"",""hs_lastmodifieddate"":""2026-01-21T16:58:43.294Z"",""hs_object_id"":""40009390436"",""hubspot_owner_id"":""104662787"",""ils"":null,""pipeline"":""default"",""pms"":null,""web_developer"":null}";2026-01-21 16:58:44.36803+00;2026-01-21 16:58:44.36803+00;2026-01-21 16:58:44.218+00
f407e389-90e3-44e0-ad0d-bb574bc03507;264148536025;Henri VR Tour - Kennedy Wilson;closedwon;closedwon;2200;2026-01-21 19:54:49.752+00;default;default;Student Housing;;;;;206619228;[354591050453];[2905054707];;"{""amount"":""2200"",""asset_type"":""Student Housing"",""closedate"":""2026-01-21T19:54:49.752Z"",""createdate"":""2026-01-15T22:13:13.431Z"",""dealname"":""Henri VR Tour - Kennedy Wilson"",""dealstage"":""closedwon"",""hs_lastmodifieddate"":""2026-01-21T19:54:50.250Z"",""hs_object_id"":""264148536025"",""hubspot_owner_id"":""206619228"",""ils"":null,""pipeline"":""default"",""pms"":null,""web_developer"":null}";2026-01-21 16:23:31.614249+00;2026-01-21 19:54:52.39132+00;2026-01-21 19:54:51.836+00
49d3d526-11ba-4002-98dc-e3eea60ea6ad;270529655531;Athens_Northwood Ravin (Add-on: 2 Exterior Retail Stills);closedwon;closedwon;0;2026-01-31 22:33:59.682+00;default;default;Multi-Family;;;;;519537074;[];[4775807778];;"{""amount"":""0"",""asset_type"":""Multi-Family"",""closedate"":""2026-01-31T22:33:59.682Z"",""createdate"":""2026-01-21T22:36:01.192Z"",""dealname"":""Athens_Northwood Ravin (Add-on: 2 Exterior Retail Stills)"",""dealstage"":""closedwon"",""hs_lastmodifieddate"":""2026-01-21T22:37:01.219Z"",""hs_object_id"":""270529655531"",""hubspot_owner_id"":""519537074"",""ils"":null,""pipeline"":""default"",""pms"":null,""web_developer"":null}";2026-01-21 22:37:03.268689+00;2026-01-21 22:37:04.508409+00;2026-01-21 22:37:04.395+00
a184ebd2-2b2c-4602-adfd-752f857162b5;267213778641;Park Village at Garden State Park_The Michaels Organization;closedwon;closedwon;1620;2026-01-23 18:00:33.776+00;default;default;Multi-Family;;;;;104662787;[60063769361];[3350525489];;"{""amount"":""1620"",""asset_type"":""Multi-Family"",""closedate"":""2026-01-23T18:00:33.776Z"",""createdate"":""2026-01-20T17:28:55.010Z"",""dealname"":""Park Village at Garden State Park_The Michaels Organization"",""dealstage"":""closedwon"",""hs_lastmodifieddate"":""2026-01-23T18:00:34.288Z"",""hs_object_id"":""267213778641"",""hubspot_owner_id"":""104662787"",""ils"":null,""pipeline"":""default"",""pms"":null,""web_developer"":null}";2026-01-21 17:05:46.941468+00;2026-01-23 18:00:36.033996+00;2026-01-23 18:00:35.912+00
c4284893-b3e6-4a76-9889-78add4cf55fa;262351917788;Redbud Trail - Atlantic Housing;closedwon;closedwon;3210;2026-01-26 17:03:55.127+00;default;default;Multi-Family;;;;;206619228;[2832601,395221416689];[17692592756];;"{""amount"":""3210"",""asset_type"":""Multi-Family"",""closedate"":""2026-01-26T17:03:55.127Z"",""createdate"":""2026-01-14T18:34:05.927Z"",""dealname"":""Redbud Trail - Atlantic Housing"",""dealstage"":""closedwon"",""hs_lastmodifieddate"":""2026-01-26T17:03:55.835Z"",""hs_object_id"":""262351917788"",""hubspot_owner_id"":""206619228"",""ils"":null,""pipeline"":""default"",""pms"":null,""web_developer"":null}";2026-01-21 16:23:28.281243+00;2026-01-26 17:03:59.133911+00;2026-01-26 17:03:58.668+00
5d896f0e-16bf-4142-85db-204bdd4125fb;256653186784;Embark_Greystar;closedwon;closedwon;3100;2026-01-28 16:30:58.276+00;default;default;Multi-Family;;;;;104662787;[2859801];[3018508637,3350933237];;"{""amount"":""3100"",""asset_type"":""Multi-Family"",""closedate"":""2026-01-28T16:30:58.276Z"",""createdate"":""2026-01-07T17:20:38.009Z"",""dealname"":""Embark_Greystar"",""dealstage"":""closedwon"",""hs_lastmodifieddate"":""2026-01-28T16:30:58.807Z"",""hs_object_id"":""256653186784"",""hubspot_owner_id"":""104662787"",""ils"":null,""pipeline"":""default"",""pms"":null,""web_developer"":null}";2026-01-21 17:05:39.155689+00;2026-01-28 16:31:01.837939+00;2026-01-28 16:31:01.364+00
80be1027-2e3c-44be-9944-bdb501821726;257889970934;Proximity Watermark_Bell Partners;closedwon;closedwon;3461;2026-01-21 17:06:54.678+00;default;default;Multi-Family;;;;;104662787;[46724212828];[3084259804];;"{""amount"":""3461"",""asset_type"":""Multi-Family"",""closedate"":""2026-01-21T17:06:54.678Z"",""createdate"":""2026-01-09T16:50:27.981Z"",""dealname"":""Proximity Watermark_Bell Partners"",""dealstage"":""closedwon"",""hs_lastmodifieddate"":""2026-01-21T17:06:55.275Z"",""hs_object_id"":""257889970934"",""hubspot_owner_id"":""104662787"",""ils"":null,""pipeline"":""default"",""pms"":null,""web_developer"":null}";2026-01-21 17:06:56.763342+00;2026-01-21 17:06:56.763342+00;2026-01-21 17:06:56.628+00
8ea9d149-b02a-41e3-96da-979230706909;265225156342;102 West Crossing - G&I Properties, LLC;closedwon;closedwon;1800;2026-01-21 17:23:49.497+00;default;default;Multi-Family;;;;;208891049;[374922667745];[252520310458];;"{""amount"":""1800"",""asset_type"":""Multi-Family"",""closedate"":""2026-01-21T17:23:49.497Z"",""createdate"":""2026-01-16T22:24:57.707Z"",""dealname"":""102 West Crossing - G&I Properties, LLC"",""dealstage"":""closedwon"",""hs_lastmodifieddate"":""2026-01-21T17:23:50.204Z"",""hs_object_id"":""265225156342"",""hubspot_owner_id"":""208891049"",""ils"":null,""pipeline"":""default"",""pms"":null,""web_developer"":null}";2026-01-21 17:23:51.289348+00;2026-01-21 17:23:51.289348+00;2026-01-21 17:23:51.149+00
28b66078-413b-4127-b01a-2d537b3af8a0;256654681830;The Vault - Barrett & Stokely;presentationscheduled;presentationscheduled;35850;2026-02-12 18:27:52.911+00;default;default;;;;;;208891049;[2720101];[2939030963];;"{""amount"":""35850"",""asset_type"":null,""closedate"":""2026-02-12T18:27:52.911Z"",""createdate"":""2026-01-08T18:27:58.797Z"",""dealname"":""The Vault - Barrett & Stokely"",""dealstage"":""presentationscheduled"",""hs_lastmodifieddate"":""2026-01-21T17:24:06.473Z"",""hs_object_id"":""256654681830"",""hubspot_owner_id"":""208891049"",""ils"":null,""pipeline"":""default"",""pms"":null,""web_developer"":null}";2026-01-21 17:24:07.957483+00;2026-01-21 17:24:07.957483+00;2026-01-21 17:24:07.82+00
f0e2fe1a-6512-485c-9f4a-69e68627d596;270505469647;Daniel & Rebert Rendering;3524886;3524886;;2026-01-30 17:29:05.818+00;default;default;;;;;;104662787;[];[];;"{""amount"":null,""asset_type"":null,""closedate"":""2026-01-30T17:29:05.818Z"",""createdate"":""2026-01-21T17:29:22.012Z"",""dealname"":""Daniel & Rebert Rendering"",""dealstage"":""3524886"",""hs_lastmodifieddate"":""2026-01-21T17:29:22.575Z"",""hs_object_id"":""270505469647"",""hubspot_owner_id"":""104662787"",""ils"":null,""pipeline"":""default"",""pms"":null,""web_developer"":null}";2026-01-21 17:29:27.212299+00;2026-01-21 17:29:28.539289+00;2026-01-21 17:29:28.389+00
4ab45346-7d83-4c8a-9829-c8c05adb7b4c;48988322563;ABODE at Stella View_Edgewater Ventures;closedwon;closedwon;1390;2026-01-21 17:59:46.624+00;default;default;Townhomes;;;;;104662787;[1562151];[9255728924];;"{""amount"":""1390"",""asset_type"":""Townhomes"",""closedate"":""2026-01-21T17:59:46.624Z"",""createdate"":""2025-11-13T17:51:45.126Z"",""dealname"":""ABODE at Stella View_Edgewater Ventures"",""dealstage"":""closedwon"",""hs_lastmodifieddate"":""2026-01-21T17:59:47.243Z"",""hs_object_id"":""48988322563"",""hubspot_owner_id"":""104662787"",""ils"":null,""pipeline"":""default"",""pms"":null,""web_developer"":null}";2026-01-21 17:59:49.114441+00;2026-01-21 17:59:49.114441+00;2026-01-21 17:59:48.674+00
7222c6d5-6174-47bf-9758-5aa06def0bce;270339702503;3 Story Townhome (Interactive Floor Plan)_Dragas Companies;decisionmakerboughtin;decisionmakerboughtin;3600;2026-01-30 17:27:12.346+00;default;default;;;;;;104662787;[];[24995950402];;"{""amount"":""3600"",""asset_type"":null,""closedate"":""2026-01-30T17:27:12.346Z"",""createdate"":""2026-01-21T17:27:51.172Z"",""dealname"":""3 Story Townhome (Interactive Floor Plan)_Dragas Companies"",""dealstage"":""decisionmakerboughtin"",""hs_lastmodifieddate"":""2026-02-05T19:16:00.026Z"",""hs_object_id"":""270339702503"",""hubspot_owner_id"":""104662787"",""ils"":null,""pipeline"":""default"",""pms"":null,""web_developer"":null}";2026-01-21 17:27:53.255586+00;2026-02-05 19:16:00.769174+00;2026-02-05 19:16:00.656+00
983ef9ed-89ee-4d40-a133-7068b40215ff;267595572982;Prosperity Junction_Blackburn Group;closedwon;closedwon;5250;2026-01-22 16:02:49.584+00;default;default;Multi-Family;;;;;104662787;[85936187907];[16310869331];;"{""amount"":""5250"",""asset_type"":""Multi-Family"",""closedate"":""2026-01-22T16:02:49.584Z"",""createdate"":""2026-01-20T14:08:06.042Z"",""dealname"":""Prosperity Junction_Blackburn Group"",""dealstage"":""closedwon"",""hs_lastmodifieddate"":""2026-01-22T16:02:50.064Z"",""hs_object_id"":""267595572982"",""hubspot_owner_id"":""104662787"",""ils"":null,""pipeline"":""default"",""pms"":null,""web_developer"":null}";2026-01-21 17:05:49.070116+00;2026-01-22 16:02:52.273322+00;2026-01-22 16:02:51.827+00
256ad735-1bf1-411a-82c8-95f83a8f2c50;270333220597;Creekside Terrace - Willow Bridge ;closedwon;closedwon;700;2026-01-22 22:58:19.873+00;default;default;Single Family;;;;;206619228;[334167551713];[17707041189];;"{""amount"":""700"",""asset_type"":""Single Family"",""closedate"":""2026-01-22T22:58:19.873Z"",""createdate"":""2026-01-21T18:06:00.559Z"",""dealname"":""Creekside Terrace - Willow Bridge "",""dealstage"":""closedwon"",""hs_lastmodifieddate"":""2026-01-22T22:58:20.451Z"",""hs_object_id"":""270333220597"",""hubspot_owner_id"":""206619228"",""ils"":null,""pipeline"":""default"",""pms"":null,""web_developer"":null}";2026-01-21 18:08:19.026959+00;2026-01-22 22:58:22.173493+00;2026-01-22 22:58:22.012+00
67b13815-f77b-4edd-aeed-cf69afc65126;45748738929;Blue Ridge_Northwood Ravin;closedwon;closedwon;14350;2026-01-27 16:50:13.799+00;default;default;Multi-Family;;;;;104662787;[2898151,38536973239,134242796559,161636895138,161702507379,161704545369];[4775807778];;"{""amount"":""14350"",""asset_type"":""Multi-Family"",""closedate"":""2026-01-27T16:50:13.799Z"",""createdate"":""2025-10-10T14:35:41.663Z"",""dealname"":""Blue Ridge_Northwood Ravin"",""dealstage"":""closedwon"",""hs_lastmodifieddate"":""2026-01-27T16:50:14.183Z"",""hs_object_id"":""45748738929"",""hubspot_owner_id"":""104662787"",""ils"":null,""pipeline"":""default"",""pms"":null,""web_developer"":null}";2026-01-21 17:05:41.968635+00;2026-01-27 16:50:16.092674+00;2026-01-27 16:50:15.925+00
f93836d7-dfa8-4790-9192-fc52eeb1e2bd;295236190959;300 De Haro - DM Development;51410737;51410737;18000;2026-06-26 22:01:14.126+00;default;default;Multi-Family;;;;;208891049;[813801];[4681131479];;"{""amount"":""18000"",""asset_type"":""Multi-Family"",""closedate"":""2026-06-26T22:01:14.126Z"",""createdate"":""2026-02-12T23:01:58.976Z"",""dealname"":""300 De Haro - DM Development"",""dealstage"":""51410737"",""hs_lastmodifieddate"":""2026-02-12T23:02:01.309Z"",""hs_object_id"":""295236190959"",""hubspot_owner_id"":""208891049"",""ils"":null,""pipeline"":""default"",""pms"":null,""web_developer"":null}";2026-02-12 23:02:02.679145+00;2026-02-12 23:02:04.348875+00;2026-02-12 23:02:04.194+00
7c2a161b-3650-4f2c-a249-38dc9516a64c;267668377328;The Kimball at Rocky Point_Northwood Ravin (Invoice_Adding 1 IFP);closedwon;closedwon;1000;2026-01-31 15:07:54.989+00;default;default;Multi-Family;;;;;104662787;[];[18111323512];;"{""amount"":""1000"",""asset_type"":""Multi-Family"",""closedate"":""2026-01-31T15:07:54.989Z"",""createdate"":""2026-01-22T15:09:17.639Z"",""dealname"":""The Kimball at Rocky Point_Northwood Ravin (Invoice_Adding 1 IFP)"",""dealstage"":""closedwon"",""hs_lastmodifieddate"":""2026-01-22T15:09:19.948Z"",""hs_object_id"":""267668377328"",""hubspot_owner_id"":""104662787"",""ils"":null,""pipeline"":""default"",""pms"":null,""web_developer"":null}";2026-01-22 15:09:20.707267+00;2026-01-22 15:09:22.382013+00;2026-01-22 15:09:22.216+00
bd132567-6f1c-430a-9343-c91158617c5a;267448883932;Bell Lancaster_Bell Partners (Upcharge_7x 3D FPs ($80/ea - second level);closedwon;closedwon;560;2026-01-30 17:09:31.58+00;default;default;Multi-Family;;;;;104662787;[];[];;"{""amount"":""560"",""asset_type"":""Multi-Family"",""closedate"":""2026-01-30T17:09:31.580Z"",""createdate"":""2026-01-22T17:12:59.474Z"",""dealname"":""Bell Lancaster_Bell Partners (Upcharge_7x 3D FPs ($80/ea - second level)"",""dealstage"":""closedwon"",""hs_lastmodifieddate"":""2026-01-22T17:13:00.242Z"",""hs_object_id"":""267448883932"",""hubspot_owner_id"":""104662787"",""ils"":null,""pipeline"":""default"",""pms"":null,""web_developer"":null}";2026-01-22 17:13:02.254239+00;2026-01-22 17:13:05.332811+00;2026-01-22 17:13:05.212+00
d94499f3-cd19-43c3-8ad6-6af6d7536b04;270333327034;Henri VR Tour;998811960;998811960;;2027-02-01 18:56:59.312+00;default;default;;;;;;206619228;[];[];;"{""amount"":null,""asset_type"":null,""closedate"":""2027-02-01T18:56:59.312Z"",""createdate"":""2026-01-20T18:57:31.408Z"",""dealname"":""Henri VR Tour"",""dealstage"":""998811960"",""hs_lastmodifieddate"":""2026-01-22T18:59:02.139Z"",""hs_object_id"":""270333327034"",""hubspot_owner_id"":""206619228"",""ils"":null,""pipeline"":""default"",""pms"":null,""web_developer"":null}";2026-01-22 18:59:03.927745+00;2026-01-22 18:59:06.084225+00;2026-01-22 18:59:05.932+00
0b044cfe-6b42-443e-8703-8f857cbfb9fa;264971304647;BB Living Lakewood Ranch - Cardinal Group;closedwon;closedwon;2080;2026-01-22 19:14:19.743+00;default;default;Multi-Family;;;;;49551500;[1791851];[3091104898];;"{""amount"":""2080"",""asset_type"":""Multi-Family"",""closedate"":""2026-01-22T19:14:19.743Z"",""createdate"":""2026-01-16T16:40:46.045Z"",""dealname"":""BB Living Lakewood Ranch - Cardinal Group"",""dealstage"":""closedwon"",""hs_lastmodifieddate"":""2026-01-22T19:14:20.056Z"",""hs_object_id"":""264971304647"",""hubspot_owner_id"":""49551500"",""ils"":null,""pipeline"":""default"",""pms"":null,""web_developer"":null}";2026-01-22 19:14:22.389684+00;2026-01-22 19:14:22.389684+00;2026-01-22 19:14:21.899+00
253ea8ce-01a5-43d4-be95-c2d22d977ca3;275294460650; Canvas Morgantown;presentationscheduled;presentationscheduled;190;2026-01-31 23:27:56.608+00;default;default;Student Housing;;;;;49551500;[2957153];[3091104898];;"{""amount"":""190"",""asset_type"":""Student Housing"",""closedate"":""2026-01-31T23:27:56.608Z"",""createdate"":""2026-01-26T23:28:26.387Z"",""dealname"":"" Canvas Morgantown"",""dealstage"":""presentationscheduled"",""hs_lastmodifieddate"":""2026-01-26T23:30:36.572Z"",""hs_object_id"":""275294460650"",""hubspot_owner_id"":""49551500"",""ils"":null,""pipeline"":""default"",""pms"":null,""web_developer"":null}";2026-01-26 23:30:38.45733+00;2026-01-26 23:30:39.653996+00;2026-01-26 23:30:39.531+00
e5e87903-5d16-4f26-9219-0953f116aba2;275197719254;New Lease-Up - Flaherty & Collins;3524886;3524886;7000;2026-02-24 17:11:04.059+00;default;default;Multi-Family;;;;;208891049;[154262567060];[39413287474];;"{""amount"":""7000"",""asset_type"":""Multi-Family"",""closedate"":""2026-02-24T17:11:04.059Z"",""createdate"":""2026-01-26T17:11:13.617Z"",""dealname"":""New Lease-Up - Flaherty & Collins"",""dealstage"":""3524886"",""hs_lastmodifieddate"":""2026-01-26T17:11:45.901Z"",""hs_object_id"":""275197719254"",""hubspot_owner_id"":""208891049"",""ils"":null,""pipeline"":""default"",""pms"":null,""web_developer"":null}";2026-01-26 17:11:47.434218+00;2026-01-26 17:11:48.964181+00;2026-01-26 17:11:48.834+00
9894ad34-3781-4365-bdd9-bfcb3af57d9f;275293711057;The Westerly - Cottonwood Residential;presentationscheduled;presentationscheduled;4400;2026-01-31 17:22:18.868+00;default;default;Multi-Family;;;;;208891049;[942751];[6967546988];;"{""amount"":""4400"",""asset_type"":""Multi-Family"",""closedate"":""2026-01-31T17:22:18.868Z"",""createdate"":""2026-01-26T17:22:50.856Z"",""dealname"":""The Westerly - Cottonwood Residential"",""dealstage"":""presentationscheduled"",""hs_lastmodifieddate"":""2026-01-26T17:24:10.491Z"",""hs_object_id"":""275293711057"",""hubspot_owner_id"":""208891049"",""ils"":null,""pipeline"":""default"",""pms"":null,""web_developer"":null}";2026-01-26 17:24:12.325731+00;2026-01-26 17:24:13.484848+00;2026-01-26 17:24:13.359+00
4dad769a-c289-4a6a-98a1-1ab25e186518;272465986270;Treehouse Floor Plan Edits After finals - Studio 5;closedwon;closedwon;125;2026-01-26 23:40:05.068+00;default;default;Multi-Family;;;;;49551500;[158027024181];[3018441473];;"{""amount"":""125"",""asset_type"":""Multi-Family"",""closedate"":""2026-01-26T23:40:05.068Z"",""createdate"":""2026-01-23T15:38:21.481Z"",""dealname"":""Treehouse Floor Plan Edits After finals - Studio 5"",""dealstage"":""closedwon"",""hs_lastmodifieddate"":""2026-01-26T23:40:05.585Z"",""hs_object_id"":""272465986270"",""hubspot_owner_id"":""49551500"",""ils"":null,""pipeline"":""default"",""pms"":null,""web_developer"":null}";2026-01-23 15:39:51.138974+00;2026-01-26 23:40:06.897796+00;2026-01-26 23:40:06.756+00
a0adc411-3f78-40df-bceb-f89276f52f7a;275921124068;Park at Newport Additional 3 Units;presentationscheduled;presentationscheduled;;2026-01-31 16:56:51.974+00;default;default;;;;;;235374932;[347737229003];[3018508637];;"{""amount"":null,""asset_type"":null,""closedate"":""2026-01-31T16:56:51.974Z"",""createdate"":""2026-01-27T16:58:01.284Z"",""dealname"":""Park at Newport Additional 3 Units"",""dealstage"":""presentationscheduled"",""hs_lastmodifieddate"":""2026-01-27T18:01:00.450Z"",""hs_object_id"":""275921124068"",""hubspot_owner_id"":""235374932"",""ils"":null,""pipeline"":""default"",""pms"":null,""web_developer"":null}";2026-01-27 18:01:02.231716+00;2026-01-27 18:01:03.824475+00;2026-01-27 18:01:03.702+00
ff0e9edd-92fe-4a5b-82f4-1b09c8300b9d;271450850014;Apartments at Eleven240 - Sterling Group;presentationscheduled;presentationscheduled;3960;2026-01-31 21:40:22.276+00;default;default;Multi-Family;;;;;208891049;[115004210336];[20108328832];;"{""amount"":""3960"",""asset_type"":""Multi-Family"",""closedate"":""2026-01-31T21:40:22.276Z"",""createdate"":""2026-01-22T21:50:33.127Z"",""dealname"":""Apartments at Eleven240 - Sterling Group"",""dealstage"":""presentationscheduled"",""hs_lastmodifieddate"":""2026-02-04T17:29:27.383Z"",""hs_object_id"":""271450850014"",""hubspot_owner_id"":""208891049"",""ils"":null,""pipeline"":""default"",""pms"":null,""web_developer"":null}";2026-01-22 21:52:44.563061+00;2026-02-04 17:29:28.760849+00;2026-02-04 17:29:28.331+00
6b4594a3-eaab-4c84-ae65-b1d32e4aed99;275926162125;1200 Metropolitan_Northwood Ravin;presentationscheduled;presentationscheduled;55750;2026-01-30 21:13:45.767+00;default;default;;;;;;104662787;[2898151];[18111323512];;"{""amount"":""55750"",""asset_type"":null,""closedate"":""2026-01-30T21:13:45.767Z"",""createdate"":""2026-01-27T21:15:11.974Z"",""dealname"":""1200 Metropolitan_Northwood Ravin"",""dealstage"":""presentationscheduled"",""hs_lastmodifieddate"":""2026-02-02T17:23:34.712Z"",""hs_object_id"":""275926162125"",""hubspot_owner_id"":""104662787"",""ils"":null,""pipeline"":""default"",""pms"":null,""web_developer"":null}";2026-01-27 21:15:14.243089+00;2026-02-02 17:23:36.502223+00;2026-02-02 17:23:36.371+00
c8743383-44b2-4040-bf3a-36ba233ad5d2;276107426533;Moorefield II - Aventon ;presentationscheduled;presentationscheduled;2200;2026-03-31 20:10:12.717+00;default;default;Multi-Family;;;;;104662787;[109114553219];[5050504174];;"{""amount"":""2200"",""asset_type"":""Multi-Family"",""closedate"":""2026-03-31T20:10:12.717Z"",""createdate"":""2026-01-27T21:10:23.051Z"",""dealname"":""Moorefield II - Aventon "",""dealstage"":""presentationscheduled"",""hs_lastmodifieddate"":""2026-01-27T21:15:20.277Z"",""hs_object_id"":""276107426533"",""hubspot_owner_id"":""104662787"",""ils"":null,""pipeline"":""default"",""pms"":null,""web_developer"":null}";2026-01-27 21:15:21.818117+00;2026-01-27 21:15:22.974766+00;2026-01-27 21:15:22.85+00
6bb2f7c8-cfa2-4596-b232-565377b3fc38;279745825516;Bettencourt Construction;3524886;3524886;;2026-02-28 17:29:23.457+00;default;default;Single Family;;;;;104662787;[393789941452];[266840846070];;"{""amount"":null,""asset_type"":""Single Family"",""closedate"":""2026-02-28T17:29:23.457Z"",""createdate"":""2026-02-02T17:29:58.793Z"",""dealname"":""Bettencourt Construction"",""dealstage"":""3524886"",""hs_lastmodifieddate"":""2026-02-02T17:29:59.238Z"",""hs_object_id"":""279745825516"",""hubspot_owner_id"":""104662787"",""ils"":null,""pipeline"":""default"",""pms"":null,""web_developer"":null}";2026-02-02 17:30:00.57764+00;2026-02-02 17:30:01.804221+00;2026-02-02 17:30:01.711+00
e117932c-4fdd-4421-bfcd-98042088cd1f;267213784778;Madison Station 3D FP_Redstone;closedwon;closedwon;570;2026-01-28 16:52:51.02+00;default;default;Multi-Family;;;;;49551500;[140761982215];[18855890192];;"{""amount"":""570"",""asset_type"":""Multi-Family"",""closedate"":""2026-01-28T16:52:51.020Z"",""createdate"":""2026-01-20T18:42:37.064Z"",""dealname"":""Madison Station 3D FP_Redstone"",""dealstage"":""closedwon"",""hs_lastmodifieddate"":""2026-01-28T16:52:51.493Z"",""hs_object_id"":""267213784778"",""hubspot_owner_id"":""49551500"",""ils"":null,""pipeline"":""default"",""pms"":null,""web_developer"":null}";2026-01-28 16:52:53.524539+00;2026-01-28 16:52:53.524539+00;2026-01-28 16:52:53.07+00
baad537c-6ff3-43ad-be7d-088d97ca2ca6;276705618663;Mintwood Floorplans_Mintwood Real Estate;presentationscheduled;presentationscheduled;3520;2026-01-30 16:34:10.983+00;default;default;;;;;;104662787;[3159701];[9527243582];;"{""amount"":""3520"",""asset_type"":null,""closedate"":""2026-01-30T16:34:10.983Z"",""createdate"":""2026-01-28T16:36:00.838Z"",""dealname"":""Mintwood Floorplans_Mintwood Real Estate"",""dealstage"":""presentationscheduled"",""hs_lastmodifieddate"":""2026-02-02T17:27:15.241Z"",""hs_object_id"":""276705618663"",""hubspot_owner_id"":""104662787"",""ils"":null,""pipeline"":""default"",""pms"":null,""web_developer"":null}";2026-01-28 16:36:02.834438+00;2026-02-02 17:27:16.600301+00;2026-02-02 17:27:16.479+00
3aebea8b-b351-48b3-b919-d35a6df5a437;231966036701;Sierra Junction_Blackburn Group;closedwon;closedwon;8550;2026-02-03 15:27:43.01+00;default;default;Multi-Family;;;;;104662787;[155274152052];[16310869331];;"{""amount"":""8550"",""asset_type"":""Multi-Family"",""closedate"":""2026-02-03T15:27:43.010Z"",""createdate"":""2025-12-03T14:44:01.344Z"",""dealname"":""Sierra Junction_Blackburn Group"",""dealstage"":""closedwon"",""hs_lastmodifieddate"":""2026-02-03T15:27:43.522Z"",""hs_object_id"":""231966036701"",""hubspot_owner_id"":""104662787"",""ils"":null,""pipeline"":""default"",""pms"":null,""web_developer"":null}";2026-02-03 15:27:45.405594+00;2026-02-03 15:27:45.405594+00;2026-02-03 15:27:45.286+00
ba9923f4-6166-43c9-afec-661803367b35;277229546211;Gables Angeline - Kennedy Wilson;presentationscheduled;presentationscheduled;16300;2026-04-30 22:10:34.222+00;default;default;Student Housing;;;;;48335913;[354591050453];[2905054707];;"{""amount"":""16300"",""asset_type"":""Student Housing"",""closedate"":""2026-04-30T22:10:34.222Z"",""createdate"":""2026-01-28T23:10:42.555Z"",""dealname"":""Gables Angeline - Kennedy Wilson"",""dealstage"":""presentationscheduled"",""hs_lastmodifieddate"":""2026-01-28T23:17:35.438Z"",""hs_object_id"":""277229546211"",""hubspot_owner_id"":""48335913"",""ils"":null,""pipeline"":""default"",""pms"":null,""web_developer"":null}";2026-01-28 23:17:36.911631+00;2026-01-28 23:17:38.678963+00;2026-01-28 23:17:38.543+00
24496ddf-b15a-4f78-9bee-fec5c888bdf2;277231055574;Carriage Park Interactive Floor Plans - Homestead Co;presentationscheduled;presentationscheduled;1800;2026-02-11 17:14:33.863+00;default;default;Multi-Family;;;;;208891049;[1349401];[];;"{""amount"":""1800"",""asset_type"":""Multi-Family"",""closedate"":""2026-02-11T17:14:33.863Z"",""createdate"":""2026-01-29T17:14:42.613Z"",""dealname"":""Carriage Park Interactive Floor Plans - Homestead Co"",""dealstage"":""presentationscheduled"",""hs_lastmodifieddate"":""2026-01-29T17:27:25.409Z"",""hs_object_id"":""277231055574"",""hubspot_owner_id"":""208891049"",""ils"":null,""pipeline"":""default"",""pms"":null,""web_developer"":null}";2026-01-29 17:27:27.506833+00;2026-01-29 17:27:28.971305+00;2026-01-29 17:27:28.825+00
c6fa745d-37ff-4c40-b927-59df3222b365;277229542120;Waterchase - Sterling Group ;presentationscheduled;presentationscheduled;2700;2026-03-31 21:28:06.652+00;default;default;Multi-Family;;;;;208891049;[2623251];[20108328832];;"{""amount"":""2700"",""asset_type"":""Multi-Family"",""closedate"":""2026-03-31T21:28:06.652Z"",""createdate"":""2026-01-28T22:28:16.721Z"",""dealname"":""Waterchase - Sterling Group "",""dealstage"":""presentationscheduled"",""hs_lastmodifieddate"":""2026-01-29T17:27:42.748Z"",""hs_object_id"":""277229542120"",""hubspot_owner_id"":""208891049"",""ils"":null,""pipeline"":""default"",""pms"":null,""web_developer"":null}";2026-01-28 22:33:58.708719+00;2026-01-29 17:27:45.53791+00;2026-01-29 17:27:45.1+00
0808726a-c641-4053-a754-3652b7dbd47d;278368354015;Millstone - LPG Residential ;closedwon;closedwon;2560;2026-02-02 22:54:25.922+00;default;default;Multi-Family;;;;;49551500;[73927037368];[40086277516];;"{""amount"":""2560"",""asset_type"":""Multi-Family"",""closedate"":""2026-02-02T22:54:25.922Z"",""createdate"":""2026-01-29T21:53:56.011Z"",""dealname"":""Millstone - LPG Residential "",""dealstage"":""closedwon"",""hs_lastmodifieddate"":""2026-02-02T22:54:26.321Z"",""hs_object_id"":""278368354015"",""hubspot_owner_id"":""49551500"",""ils"":null,""pipeline"":""default"",""pms"":null,""web_developer"":null}";2026-01-29 22:00:54.036401+00;2026-02-02 22:54:29.518965+00;2026-02-02 22:54:28.985+00
cf8101e5-948a-43b1-b7ae-740b14e79a22;276770950858;The Cassian II ;presentationscheduled;presentationscheduled;4800;2026-03-31 16:05:54.249+00;default;default;Multi-Family;;;;;48335913;[346383252198];[2905054707];;"{""amount"":""4800"",""asset_type"":""Multi-Family"",""closedate"":""2026-03-31T16:05:54.249Z"",""createdate"":""2026-01-28T17:06:04.233Z"",""dealname"":""The Cassian II "",""dealstage"":""presentationscheduled"",""hs_lastmodifieddate"":""2026-01-30T22:29:18.333Z"",""hs_object_id"":""276770950858"",""hubspot_owner_id"":""48335913"",""ils"":null,""pipeline"":""default"",""pms"":null,""web_developer"":null}";2026-01-28 17:08:05.23426+00;2026-01-30 22:29:19.950399+00;2026-01-30 22:29:19.822+00
30b5f5e2-b270-4daf-bdbc-d061887dba70;279884768984;Cumulus SLU - Studio 5;closedwon;closedwon;1690;2026-02-02 21:20:13.563+00;default;default;Student Housing;;;;;49551500;[165019888681];[15913457552];;"{""amount"":""1690"",""asset_type"":""Student Housing"",""closedate"":""2026-02-02T21:20:13.563Z"",""createdate"":""2026-01-30T20:48:06.844Z"",""dealname"":""Cumulus SLU - Studio 5"",""dealstage"":""closedwon"",""hs_lastmodifieddate"":""2026-02-02T21:20:14.079Z"",""hs_object_id"":""279884768984"",""hubspot_owner_id"":""49551500"",""ils"":null,""pipeline"":""default"",""pms"":null,""web_developer"":null}";2026-01-30 20:50:53.840877+00;2026-02-02 21:20:16.899354+00;2026-02-02 21:20:16.469+00
3eb5ef33-bc14-4cec-9883-6afecabebb19;277854585591;Bell Collier Village_Bell Partners;closedwon;closedwon;5440;2026-02-03 15:33:42.188+00;default;default;Multi-Family;;;;;104662787;[46724212828,403792209597];[3084259804];;"{""amount"":""5440"",""asset_type"":""Multi-Family"",""closedate"":""2026-02-03T15:33:42.188Z"",""createdate"":""2026-01-29T16:31:54.318Z"",""dealname"":""Bell Collier Village_Bell Partners"",""dealstage"":""closedwon"",""hs_lastmodifieddate"":""2026-02-03T15:33:42.597Z"",""hs_object_id"":""277854585591"",""hubspot_owner_id"":""104662787"",""ils"":null,""pipeline"":""default"",""pms"":null,""web_developer"":null}";2026-01-29 16:31:57.237582+00;2026-02-03 15:33:43.964481+00;2026-02-03 15:33:43.848+00
2f5f121f-74c3-413d-9eda-7cae884247ac;227761158882;Astria Tempe - Trinitas Ventures;presentationscheduled;presentationscheduled;30000;2026-01-16 18:45:58.911+00;default;default;Student Housing;;;;;208891049;[118339124142];[4617795113];;"{""amount"":""30000"",""asset_type"":""Student Housing"",""closedate"":""2026-01-16T18:45:58.911Z"",""createdate"":""2025-11-25T22:18:53.642Z"",""dealname"":""Astria Tempe - Trinitas Ventures"",""dealstage"":""presentationscheduled"",""hs_lastmodifieddate"":""2026-02-03T23:03:28.905Z"",""hs_object_id"":""227761158882"",""hubspot_owner_id"":""208891049"",""ils"":null,""pipeline"":""default"",""pms"":null,""web_developer"":null}";2026-02-03 23:03:30.820018+00;2026-02-03 23:03:30.820018+00;2026-02-03 23:03:30.69+00
7c4848e0-e608-44ce-abcb-3434aa541eae;285121747660;Abode at Dunn Creek_Edgewater Ventures (3D Plan - Add-on);closedwon;closedwon;190;2026-02-04 16:08:15.707+00;default;default;Multi-Family;;;;;519537074;[35463647087];[9255728924];;"{""amount"":""190"",""asset_type"":""Multi-Family"",""closedate"":""2026-02-04T16:08:15.707Z"",""createdate"":""2026-02-04T16:08:24.290Z"",""dealname"":""Abode at Dunn Creek_Edgewater Ventures (3D Plan - Add-on)"",""dealstage"":""closedwon"",""hs_lastmodifieddate"":""2026-02-04T16:09:08.544Z"",""hs_object_id"":""285121747660"",""hubspot_owner_id"":""519537074"",""ils"":null,""pipeline"":""default"",""pms"":null,""web_developer"":null}";2026-02-04 16:09:08.576152+00;2026-02-04 16:09:10.433789+00;2026-02-04 16:09:10.323+00
86186d0a-95df-4669-9a8c-584927cf9f0e;285127502535;Accent Marietta Floor Plans;3524886;3524886;;2026-02-27 16:36:16.074+00;default;default;;;;;;104662787;[2839801];[3194744737];;"{""amount"":null,""asset_type"":null,""closedate"":""2026-02-27T16:36:16.074Z"",""createdate"":""2026-02-04T16:37:13.802Z"",""dealname"":""Accent Marietta Floor Plans"",""dealstage"":""3524886"",""hs_lastmodifieddate"":""2026-02-04T16:37:15.181Z"",""hs_object_id"":""285127502535"",""hubspot_owner_id"":""104662787"",""ils"":null,""pipeline"":""default"",""pms"":null,""web_developer"":null}";2026-02-04 16:37:15.918882+00;2026-02-04 16:37:17.382409+00;2026-02-04 16:37:16.89+00
cc8018e0-fdb4-49cf-88ad-30047bb0a8f7;286910116551;Soltra Brassline;presentationscheduled;presentationscheduled;8000;2026-03-18 18:08:05.34+00;default;default;Multi-Family;;;;;208891049;[164480983427];[3350933237];;"{""amount"":""8000"",""asset_type"":""Multi-Family"",""closedate"":""2026-03-18T18:08:05.340Z"",""createdate"":""2026-02-04T19:07:58.499Z"",""dealname"":""Soltra Brassline"",""dealstage"":""presentationscheduled"",""hs_lastmodifieddate"":""2026-02-04T19:09:38.780Z"",""hs_object_id"":""286910116551"",""hubspot_owner_id"":""208891049"",""ils"":null,""pipeline"":""default"",""pms"":null,""web_developer"":null}";2026-02-04 19:09:41.278176+00;2026-02-04 19:09:42.706309+00;2026-02-04 19:09:42.28+00
aba951a3-4d06-495c-8748-7636b0bf9f3a;294163007200;The Walden - Portico 2D floor Plans ;presentationscheduled;presentationscheduled;800;2026-02-28 20:19:13.582+00;default;default;Multi-Family;;;;;208891049;[37431036000];[6760305206];;"{""amount"":""800"",""asset_type"":""Multi-Family"",""closedate"":""2026-02-28T20:19:13.582Z"",""createdate"":""2026-02-11T20:20:14.451Z"",""dealname"":""The Walden - Portico 2D floor Plans "",""dealstage"":""presentationscheduled"",""hs_lastmodifieddate"":""2026-02-11T20:21:20.443Z"",""hs_object_id"":""294163007200"",""hubspot_owner_id"":""208891049"",""ils"":null,""pipeline"":""default"",""pms"":null,""web_developer"":null}";2026-02-11 20:21:22.025742+00;2026-02-11 20:21:23.548965+00;2026-02-11 20:21:23.445+00
d7a56ae9-5deb-4ee7-ba37-ab8f9ecfad2f;285124555490;Raleigh Lease Up_Cardinal Group;decisionmakerboughtin;decisionmakerboughtin;39750;2026-02-28 21:58:34.676+00;default;default;;;;;;49551500;[585401,2708501];[3091104898];;"{""amount"":""39750"",""asset_type"":null,""closedate"":""2026-02-28T21:58:34.676Z"",""createdate"":""2026-02-03T21:59:30.515Z"",""dealname"":""Raleigh Lease Up_Cardinal Group"",""dealstage"":""decisionmakerboughtin"",""hs_lastmodifieddate"":""2026-02-12T16:59:29.547Z"",""hs_object_id"":""285124555490"",""hubspot_owner_id"":""49551500"",""ils"":null,""pipeline"":""default"",""pms"":null,""web_developer"":null}";2026-02-03 21:59:32.998182+00;2026-02-12 16:59:30.643117+00;2026-02-12 16:59:30.541+00
e9304d85-f12d-4197-a2d4-d4335c4f17a9;294165144287;Vara Trinity Park_The Spectrum Companies;closedwon;closedwon;2900;2026-02-11 18:14:26.754+00;default;default;Multi-Family;;;;;519537074;[2321851];[3299859733];;"{""amount"":""2900"",""asset_type"":""Multi-Family"",""closedate"":""2026-02-11T18:14:26.754Z"",""createdate"":""2026-02-11T17:09:39.848Z"",""dealname"":""Vara Trinity Park_The Spectrum Companies"",""dealstage"":""closedwon"",""hs_lastmodifieddate"":""2026-02-11T18:14:39.288Z"",""hs_object_id"":""294165144287"",""hubspot_owner_id"":""519537074"",""ils"":null,""pipeline"":""default"",""pms"":null,""web_developer"":null}";2026-02-11 19:52:37.912878+00;2026-02-11 21:26:15.351557+00;2026-02-11 21:26:14.818+00
1a56b641-bf2b-4de9-9d43-1fd0a21b2753;285661452004;Eventide Apartments_Penler;closedwon;closedwon;11000;2026-02-12 19:22:21.82+00;default;default;Multi-Family;;;;;104662787;[1240101];[8355973741];;"{""amount"":""11000"",""asset_type"":""Multi-Family"",""closedate"":""2026-02-12T19:22:21.820Z"",""createdate"":""2026-02-05T18:15:54.998Z"",""dealname"":""Eventide Apartments_Penler"",""dealstage"":""closedwon"",""hs_lastmodifieddate"":""2026-02-12T19:22:22.314Z"",""hs_object_id"":""285661452004"",""hubspot_owner_id"":""104662787"",""ils"":null,""pipeline"":""default"",""pms"":null,""web_developer"":null}";2026-02-05 18:15:57.407938+00;2026-02-12 19:22:25.259987+00;2026-02-12 19:22:24.711+00
0e98cc75-f501-4501-ae38-95cf9b8dfe3c;244838129363;Blossom Ridge - The Advantage Group;closedlost;closedlost;24660;2026-02-12 16:59:17.638+00;default;default;;;;;;49551500;[359457110771];[241533225720];;"{""amount"":""24660"",""asset_type"":null,""closedate"":""2026-02-12T16:59:17.638Z"",""createdate"":""2025-12-19T19:12:42.276Z"",""dealname"":""Blossom Ridge - The Advantage Group"",""dealstage"":""closedlost"",""hs_lastmodifieddate"":""2026-02-12T16:59:18.111Z"",""hs_object_id"":""244838129363"",""hubspot_owner_id"":""49551500"",""ils"":null,""pipeline"":""default"",""pms"":null,""web_developer"":null}";2026-02-12 16:58:54.370232+00;2026-02-12 16:59:19.470078+00;2026-02-12 16:59:18.945+00
78976472-4549-401e-86bb-1afda1889a4e;239542690510;7th Street Station FP_Cardinal Group;closedwon;closedwon;1940;2026-02-12 17:02:29.854+00;default;default;Student Housing;;;;;49551500;[2542451];[3091104898];;"{""amount"":""1940"",""asset_type"":""Student Housing"",""closedate"":""2026-02-12T17:02:29.854Z"",""createdate"":""2025-12-16T17:32:16.232Z"",""dealname"":""7th Street Station FP_Cardinal Group"",""dealstage"":""closedwon"",""hs_lastmodifieddate"":""2026-02-12T17:02:30.385Z"",""hs_object_id"":""239542690510"",""hubspot_owner_id"":""49551500"",""ils"":null,""pipeline"":""default"",""pms"":null,""web_developer"":null}";2026-02-12 17:02:32.245145+00;2026-02-12 17:02:32.245145+00;2026-02-12 17:02:32.041+00
ff794e47-4268-475c-8bd7-9f2ed96ed129;39830318238;Indy Park_Northwood Ravin;closedwon;closedwon;34805;2026-02-12 17:03:01.625+00;default;default;Other;;;;;104662787;[2898151];[18111323512];;"{""amount"":""34805"",""asset_type"":""Other"",""closedate"":""2026-02-12T17:03:01.625Z"",""createdate"":""2025-07-07T17:19:40.824Z"",""dealname"":""Indy Park_Northwood Ravin"",""dealstage"":""closedwon"",""hs_lastmodifieddate"":""2026-02-12T17:03:02.235Z"",""hs_object_id"":""39830318238"",""hubspot_owner_id"":""104662787"",""ils"":null,""pipeline"":""default"",""pms"":null,""web_developer"":null}";2026-02-12 17:03:03.516102+00;2026-02-12 17:03:03.516102+00;2026-02-12 17:03:03.366+00
74d453f7-b5dd-4558-bb66-f08c828bee89;294977072882;The Arc VR Tour Hosting ;998811960;998811960;600;2026-07-31 16:23:12.89+00;default;default;Multi-Family;;;;;206619228;[];[];;"{""amount"":""600"",""asset_type"":""Multi-Family"",""closedate"":""2026-07-31T16:23:12.890Z"",""createdate"":""2025-07-28T16:23:33.883Z"",""dealname"":""The Arc VR Tour Hosting "",""dealstage"":""998811960"",""hs_lastmodifieddate"":""2026-02-12T17:24:29.960Z"",""hs_object_id"":""294977072882"",""hubspot_owner_id"":""206619228"",""ils"":null,""pipeline"":""default"",""pms"":null,""web_developer"":null}";2026-02-12 17:24:32.33638+00;2026-02-12 17:24:33.93082+00;2026-02-12 17:24:33.779+00
efd0f610-2813-4d99-a7c1-931230540f85;294210739917;Tremont (Engrain)_Northwood Ravin;presentationscheduled;presentationscheduled;;2026-02-27 17:29:58.185+00;default;default;Multi-Family;;;;;104662787;[596451];[4775807778];;"{""amount"":null,""asset_type"":""Multi-Family"",""closedate"":""2026-02-27T17:29:58.185Z"",""createdate"":""2026-02-12T17:30:57.443Z"",""dealname"":""Tremont (Engrain)_Northwood Ravin"",""dealstage"":""presentationscheduled"",""hs_lastmodifieddate"":""2026-02-12T17:30:59.656Z"",""hs_object_id"":""294210739917"",""hubspot_owner_id"":""104662787"",""ils"":null,""pipeline"":""default"",""pms"":null,""web_developer"":null}";2026-02-12 17:30:59.995074+00;2026-02-12 17:31:01.444159+00;2026-02-12 17:31:01.284+00
f9ae99b8-ed8b-429f-b334-fcf7a89e4f81;292833754850;The Villages at Belvoir_The Michaels Organization;closedwon;closedwon;2340;2026-02-12 19:23:42.013+00;default;default;Townhomes;;;;;104662787;[60050755117];[3350525489];;"{""amount"":""2340"",""asset_type"":""Townhomes"",""closedate"":""2026-02-12T19:23:42.013Z"",""createdate"":""2026-02-10T15:10:52.181Z"",""dealname"":""The Villages at Belvoir_The Michaels Organization"",""dealstage"":""closedwon"",""hs_lastmodifieddate"":""2026-02-12T19:23:42.547Z"",""hs_object_id"":""292833754850"",""hubspot_owner_id"":""104662787"",""ils"":null,""pipeline"":""default"",""pms"":null,""web_developer"":null}";2026-02-12 19:23:44.699949+00;2026-02-12 19:23:44.699949+00;2026-02-12 19:23:44.073+00
252d25df-cb98-4413-863b-04f00853792c;293206371053;Via Emma;presentationscheduled;presentationscheduled;2300;2026-03-31 21:27:58.586+00;default;default;Mixed Use;;;;;208891049;[149298607132];[3166572684];;"{""amount"":""2300"",""asset_type"":""Mixed Use"",""closedate"":""2026-03-31T21:27:58.586Z"",""createdate"":""2026-02-12T22:28:07.903Z"",""dealname"":""Via Emma"",""dealstage"":""presentationscheduled"",""hs_lastmodifieddate"":""2026-02-12T22:30:21.364Z"",""hs_object_id"":""293206371053"",""hubspot_owner_id"":""208891049"",""ils"":null,""pipeline"":""default"",""pms"":null,""web_developer"":null}";2026-02-12 22:30:23.676515+00;2026-02-12 22:30:25.274938+00;2026-02-12 22:30:24.818+00
dcdecd6b-2511-4e74-b7d7-4d9b95f67430;236780839648;Geerhouse Floor Plans_Bell Partners;closedlost;closedlost;1520;2026-02-13 15:37:21.242+00;default;default;Multi-Family;;;;;104662787;[91275648441];[3084259804];;"{""amount"":""1520"",""asset_type"":""Multi-Family"",""closedate"":""2026-02-13T15:37:21.242Z"",""createdate"":""2025-12-09T20:57:13.548Z"",""dealname"":""Geerhouse Floor Plans_Bell Partners"",""dealstage"":""closedlost"",""hs_lastmodifieddate"":""2026-02-13T15:37:21.806Z"",""hs_object_id"":""236780839648"",""hubspot_owner_id"":""104662787"",""ils"":null,""pipeline"":""default"",""pms"":null,""web_developer"":null}";2026-02-13 15:37:23.664437+00;2026-02-13 15:37:23.664437+00;2026-02-13 15:37:23.494+00
5f85720b-5b27-4638-83fc-17b3dcb4ad93;296405910241;Santal Thousand Oaks - Avenue 5;998811960;998811960;190;2026-02-28 21:31:09.532+00;default;default;Multi-Family;;;;;49551500;[158027024181];[3018441473];;"{""amount"":""190"",""asset_type"":""Multi-Family"",""closedate"":""2026-02-28T21:31:09.532Z"",""createdate"":""2026-02-13T21:38:10.065Z"",""dealname"":""Santal Thousand Oaks - Avenue 5"",""dealstage"":""998811960"",""hs_lastmodifieddate"":""2026-02-13T21:40:16.642Z"",""hs_object_id"":""296405910241"",""hubspot_owner_id"":""49551500"",""ils"":null,""pipeline"":""default"",""pms"":null,""web_developer"":null}";2026-02-13 21:40:18.800132+00;2026-02-13 21:40:20.359739+00;2026-02-13 21:40:20.244+00
bf41f793-9a0a-4f73-9c71-fe182cc7bc19;296403756751;Foundry on Fifth - Avenue5 ;presentationscheduled;presentationscheduled;760;2026-02-28 22:11:25.412+00;default;default;Multi-Family;;;;;49551500;[158027024181];[3018441473];;"{""amount"":""760"",""asset_type"":""Multi-Family"",""closedate"":""2026-02-28T22:11:25.412Z"",""createdate"":""2026-02-13T22:11:46.321Z"",""dealname"":""Foundry on Fifth - Avenue5 "",""dealstage"":""presentationscheduled"",""hs_lastmodifieddate"":""2026-02-13T22:12:41.475Z"",""hs_object_id"":""296403756751"",""hubspot_owner_id"":""49551500"",""ils"":null,""pipeline"":""default"",""pms"":null,""web_developer"":null}";2026-02-13 22:12:44.357749+00;2026-02-13 22:12:46.072637+00;2026-02-13 22:12:45.915+00