id;connection_id;user_id;external_project_id;external_project_name;external_project_url;external_created_at;external_updated_at;import_status;import_started_at;import_completed_at;import_error;analysis_score;analysis_data;identified_gaps;optimization_opportunities;revenue_potential_estimate;time_savings_estimate;risk_reduction_areas;collaboration_improvements;recommended_modules;last_analyzed_at;is_actively_monitored;created_at;updated_at
5ac25257-51a7-4a88-bc0d-3f0a3220ed72;7943600f-ed39-4643-b0a1-fd93d853a15f;b8c5a162-5141-422e-9924-dc0e8c333790;57dc2b9e-de7d-43d0-a116-0a76120165b4;github-project-1;https://github.example.com/project/1;2026-01-04 08:41:08.174+00;2026-01-13 03:58:22.667+00;discovered;;;;;{};[];[];;;[];[];[];;false;2026-01-13 03:58:22.972306+00;2026-01-13 03:58:22.972306+00
2efd9af5-f3a4-4a38-bdb3-ed9483596ed3;7943600f-ed39-4643-b0a1-fd93d853a15f;b8c5a162-5141-422e-9924-dc0e8c333790;1123016590;true-spark-code;https://github.com/xQBCx/true-spark-code;2025-12-26 03:11:38+00;2025-12-26 06:44:30+00;discovered;;;;;{};[];[];;;[];[];[];;false;2026-01-13 15:23:14.397487+00;2026-01-13 15:23:14.397487+00
2e255913-7c54-4b36-ae9e-11d96ce264f8;7943600f-ed39-4643-b0a1-fd93d853a15f;b8c5a162-5141-422e-9924-dc0e8c333790;1028764472;sonic-mind-sync;https://github.com/xQBCx/sonic-mind-sync;2025-07-30 03:14:44+00;2025-11-28 20:16:40+00;discovered;;;;;{};[];[];;;[];[];[];;false;2026-01-13 15:23:14.577162+00;2026-01-13 15:23:14.577162+00
e4ff6317-916c-4a28-99cc-8c2cfddebeaa;7943600f-ed39-4643-b0a1-fd93d853a15f;b8c5a162-5141-422e-9924-dc0e8c333790;1043882585;xodiak-trust-rail;https://github.com/xQBCx/xodiak-trust-rail;2025-08-24 20:18:11+00;2025-11-18 20:03:31+00;discovered;;;;;{};[];[];;;[];[];[];;false;2026-01-13 15:23:14.731267+00;2026-01-13 15:23:14.731267+00
bbdc7519-83c2-4f70-98d5-d3cbbbc22446;7943600f-ed39-4643-b0a1-fd93d853a15f;b8c5a162-5141-422e-9924-dc0e8c333790;987579342;ecotelos-crm;https://github.com/xQBCx/ecotelos-crm;2025-05-21 09:27:50+00;2025-05-21 11:28:26+00;discovered;;;;;{};[];[];;;[];[];[];;false;2026-01-13 15:23:14.877042+00;2026-01-13 15:23:14.877042+00
36f6083a-a338-4495-a133-b0eac6e0f297;7943600f-ed39-4643-b0a1-fd93d853a15f;b8c5a162-5141-422e-9924-dc0e8c333790;984568901;ecotelos-homepage;https://github.com/xQBCx/ecotelos-homepage;2025-05-16 06:31:45+00;2025-05-21 06:27:12+00;discovered;;;;;{};[];[];;;[];[];[];;false;2026-01-13 15:23:15.018682+00;2026-01-13 15:23:15.018682+00
55f3f8de-fed4-40ba-a20f-4be4506f2fc2;7943600f-ed39-4643-b0a1-fd93d853a15f;b8c5a162-5141-422e-9924-dc0e8c333790;973285775;smartlink-site;https://github.com/xQBCx/smartlink-site;2025-04-26 17:00:00+00;2025-04-29 13:42:11+00;discovered;;;;;{};[];[];;;[];[];[];;false;2026-01-13 15:23:15.169214+00;2026-01-13 15:23:15.169214+00
dd9a5869-8f25-4dcd-b171-5efd0b6fceb2;7943600f-ed39-4643-b0a1-fd93d853a15f;b8c5a162-5141-422e-9924-dc0e8c333790;973931980;biz-dev-app;https://github.com/xQBCx/biz-dev-app;2025-04-28 02:20:42+00;2025-04-28 02:20:43+00;discovered;;;;;{};[];[];;;[];[];[];;false;2026-01-13 15:23:15.297934+00;2026-01-13 15:23:15.297934+00
b42e49e2-779f-4f09-a5ef-41d92479cec8;7943600f-ed39-4643-b0a1-fd93d853a15f;b8c5a162-5141-422e-9924-dc0e8c333790;969379355;qbc-backend;https://github.com/xQBCx/qbc-backend;2025-04-20 02:32:07+00;2025-04-20 02:32:08+00;discovered;;;;;{};[];[];;;[];[];[];;false;2026-01-13 15:23:15.438814+00;2026-01-13 15:23:15.438814+00
eda9079f-d05b-4087-94d5-4d8de985bc24;7943600f-ed39-4643-b0a1-fd93d853a15f;b8c5a162-5141-422e-9924-dc0e8c333790;1133210684;ip-trust-forge;https://github.com/xQBCx/ip-trust-forge;2026-01-13 03:14:47+00;2026-01-13 03:15:03+00;analyzed;;;;74;"{""aiGenerated"":true,""model"":""gemini-2.5-flash""}";"[{""category"":""Security"",""complexity"":""Medium"",""description"":""GitHub projects, especially those dealing with IP (Intellectual Property) as suggested by 'ip-trust-forge', are susceptible to vulnerabilities that could lead to IP leakage or compromise. Manual code reviews are often insufficient and time-consuming."",""impacts"":[""Data breaches"",""IP theft"",""Reputational damage"",""Legal liabilities""],""implementationTime"":""1-2 weeks"",""moduleSlug"":""security"",""severity"":""High"",""solution"":""Integrate automated static and dynamic application security testing (SAST/DAST) tools."",""title"":""Lack of Automated Security Scanning"",""type"":""Code Security""},{""category"":""Automation"",""complexity"":""Medium"",""description"":""Without explicit automation for code review assignments, merge checks, and release processes, development cycles can be slow and error-prone. This is particularly critical for projects focused on trust and IP, where consistency and correctness are paramount."",""impacts"":[""Slow development cycles"",""Increased errors"",""Developer frustration"",""Reduced productivity""],""implementationTime"":""2-3 weeks"",""moduleSlug"":""workflows"",""severity"":""Medium"",""solution"":""Implement automated workflows for code review, testing, and deployment."",""title"":""Manual Code Review and Merge Processes"",""type"":""Workflow Efficiency""},{""category"":""Quality Assurance"",""complexity"":""Medium"",""description"":""While human code reviews are essential, an AI assistant can significantly enhance code quality by identifying potential bugs, suggesting improvements, and ensuring adherence to coding standards, especially in a project like 'ip-trust-forge' where precision is key."",""impacts"":[""Technical debt"",""Bugs and vulnerabilities"",""Inconsistent code quality"",""Increased maintenance costs""],""implementationTime"":""1-2 weeks"",""moduleSlug"":""ai_assistant"",""severity"":""Medium"",""solution"":""Integrate an AI assistant for automated code analysis and suggestions."",""title"":""Absence of AI-powered Code Review"",""type"":""Code Quality & Consistency""},{""category"":""Project Management"",""complexity"":""Low"",""description"":""GitHub provides basic insights, but a dedicated analytics module can offer deeper understanding of development velocity, contributor activity, issue resolution times, and overall project health, which is crucial for optimizing resource allocation and forecasting."",""impacts"":[""Suboptimal resource allocation"",""Difficulty in identifying bottlenecks"",""Lack of data-driven decision making""],""implementationTime"":""1 week"",""moduleSlug"":""analytics"",""severity"":""Low"",""solution"":""Implement advanced analytics for project performance and contributor insights."",""title"":""Limited Project Analytics and Reporting"",""type"":""Progress Tracking & Reporting""}]";"[{""description"":""Reducing manual effort in security checks and code reviews through automation."",""effort"":""Medium"",""potentialValue"":""Medium"",""type"":""Cost Savings""},{""description"":""Streamlining development workflows, leading to faster release cycles and reduced time-to-market for IP-related features."",""effort"":""Medium"",""potentialValue"":""High"",""type"":""Increased Efficiency""},{""description"":""Leveraging AI for code quality and security, resulting in a more robust and trustworthy 'ip-trust-forge' product."",""effort"":""Medium"",""potentialValue"":""Medium"",""type"":""Enhanced Product Quality""},{""description"":""Proactive identification and mitigation of security vulnerabilities and compliance issues related to IP."",""effort"":""Medium"",""potentialValue"":""High"",""type"":""Reduced Risk""}]";Medium;5-15 hours/week per developer/team lead;"[""IP theft and data breaches due to code vulnerabilities."",""Legal and compliance issues related to insecure IP handling."",""Reputational damage from security incidents."",""Delayed project delivery and increased development costs due to inefficient processes."",""Technical debt accumulation from inconsistent code quality.""]";"[""Faster and more consistent code reviews with AI assistance."",""Clearer communication and task assignment through automated workflows."",""Improved knowledge sharing through better documentation and code quality."",""Enhanced team productivity by reducing manual, repetitive tasks.""]";"[{""moduleSlug"":""security"",""priority"":""High"",""reason"":""Directly addresses critical IP protection and liability concerns for 'ip-trust-forge'.""},{""moduleSlug"":""workflows"",""priority"":""High"",""reason"":""Automates repetitive tasks, speeds up development, and ensures consistency, crucial for a trust-focused project.""},{""moduleSlug"":""ai_assistant"",""priority"":""Medium"",""reason"":""Enhances code quality, identifies issues early, and frees up developer time for more complex tasks.""},{""moduleSlug"":""analytics"",""priority"":""Medium"",""reason"":""Provides data-driven insights to optimize development processes and resource allocation.""}]";2026-01-13 15:24:04.479+00;false;2026-01-13 15:23:14.238323+00;2026-01-13 15:24:04.548916+00